nombre,mean,countNonZero,dft mean,
Gradient Y,[0.0304651, 0, 0, 0],1091,[0.299958, 0, 0, 0]
Valor absoluto Gradient Y,[0.333488, 0, 0, 0],486,[0.210793, 0, 0, 0]
Sobel,[0.613188, 0, 0, 0],1354,[0.505103, 0, 0, 0]
EyeROI,[8.49767, 0, 0, 0],2135,[9.69571, 0, 0, 0]
Gradient Y,[-0.0216279, 0, 0, 0],1195,[-0.2017, 0, 0, 0]
Valor absoluto Gradient Y,[0.270698, 0, 0, 0],440,[0.521719, 0, 0, 0]
Sobel,[0.596407, 0, 0, 0],1477,[0.529667, 0, 0, 0]
Gradient Y,[0.239286, 0, 0, 0],1915,[1.26137, 0, 0, 0]
Valor absoluto Gradient Y,[1.99286, 0, 0, 0],1584,[1.90741, 0, 0, 0]
Sobel,[2.96898, 0, 0, 0],2076,[3.55277, 0, 0, 0]
EyeROI,[28.0595, 0, 0, 0],2085,[43.1435, 0, 0, 0]
Gradient Y,[0.117619, 0, 0, 0],1947,[2.56255, 0, 0, 0]
Valor absoluto Gradient Y,[2.6481, 0, 0, 0],1724,[3.45416, 0, 0, 0]
Sobel,[4.14787, 0, 0, 0],2084,[5.65428, 0, 0, 0]
Gradient Y,[0.190698, 0, 0, 0],1923,[-0.173266, 0, 0, 0]
Valor absoluto Gradient Y,[2.05302, 0, 0, 0],1578,[2.43018, 0, 0, 0]
Sobel,[3.09829, 0, 0, 0],2130,[3.73824, 0, 0, 0]
EyeROI,[29.574, 0, 0, 0],2139,[45.9158, 0, 0, 0]
Gradient Y,[0.0927907, 0, 0, 0],1981,[4.14248, 0, 0, 0]
Valor absoluto Gradient Y,[2.51395, 0, 0, 0],1687,[2.67319, 0, 0, 0]
Sobel,[3.92982, 0, 0, 0],2127,[4.49957, 0, 0, 0]
Gradient Y,[0.324524, 0, 0, 0],1934,[-1.20219, 0, 0, 0]
Valor absoluto Gradient Y,[2.51143, 0, 0, 0],1604,[2.86098, 0, 0, 0]
Sobel,[3.72345, 0, 0, 0],2088,[4.47012, 0, 0, 0]
EyeROI,[46.6252, 0, 0, 0],2084,[70.9233, 0, 0, 0]
Gradient Y,[0.0495238, 0, 0, 0],1976,[5.53162, 0, 0, 0]
Valor absoluto Gradient Y,[2.90476, 0, 0, 0],1755,[4.26505, 0, 0, 0]
Sobel,[4.21255, 0, 0, 0],2086,[6.52428, 0, 0, 0]
Gradient Y,[0.178095, 0, 0, 0],1985,[-1.43519, 0, 0, 0]
Valor absoluto Gradient Y,[3.39238, 0, 0, 0],1764,[3.74968, 0, 0, 0]
Sobel,[4.90955, 0, 0, 0],2088,[5.70139, 0, 0, 0]
EyeROI,[93.4114, 0, 0, 0],2085,[127.824, 0, 0, 0]
Gradient Y,[-0.0185714, 0, 0, 0],1983,[5.06161, 0, 0, 0]
Valor absoluto Gradient Y,[3.91524, 0, 0, 0],1778,[7.11125, 0, 0, 0]
Sobel,[5.92944, 0, 0, 0],2089,[14.2844, 0, 0, 0]
Gradient Y,[-0.23881, 0, 0, 0],1990,[-2.57178, 0, 0, 0]
Valor absoluto Gradient Y,[3.95143, 0, 0, 0],1795,[5.69532, 0, 0, 0]
Sobel,[5.47375, 0, 0, 0],2090,[7.18961, 0, 0, 0]
EyeROI,[93.9438, 0, 0, 0],2084,[121.401, 0, 0, 0]
Gradient Y,[0.367381, 0, 0, 0],1994,[4.93098, 0, 0, 0]
Valor absoluto Gradient Y,[4.37762, 0, 0, 0],1823,[6.71334, 0, 0, 0]
Sobel,[6.86083, 0, 0, 0],2097,[10.4454, 0, 0, 0]
Gradient Y,[0.304419, 0, 0, 0],2040,[0.308083, 0, 0, 0]
Valor absoluto Gradient Y,[3.53581, 0, 0, 0],1826,[2.11844, 0, 0, 0]
Sobel,[5.09783, 0, 0, 0],2138,[4.06778, 0, 0, 0]
EyeROI,[95.8591, 0, 0, 0],2139,[128.426, 0, 0, 0]
Gradient Y,[0.10186, 0, 0, 0],2045,[5.601, 0, 0, 0]
Valor absoluto Gradient Y,[3.77116, 0, 0, 0],1798,[7.81986, 0, 0, 0]
Sobel,[5.86076, 0, 0, 0],2142,[13.716, 0, 0, 0]
Gradient Y,[0.426429, 0, 0, 0],1931,[-1.7228, 0, 0, 0]
Valor absoluto Gradient Y,[2.34381, 0, 0, 0],1625,[1.6916, 0, 0, 0]
Sobel,[3.20332, 0, 0, 0],2089,[3.32234, 0, 0, 0]
EyeROI,[74.8119, 0, 0, 0],2084,[83.4981, 0, 0, 0]
Gradient Y,[0.611429, 0, 0, 0],1988,[6.94724, 0, 0, 0]
Valor absoluto Gradient Y,[3.26476, 0, 0, 0],1802,[3.90287, 0, 0, 0]
Sobel,[6.56237, 0, 0, 0],2098,[11.3174, 0, 0, 0]
Gradient Y,[0.426429, 0, 0, 0],1931,[-1.7228, 0, 0, 0]
Valor absoluto Gradient Y,[2.34381, 0, 0, 0],1625,[1.6916, 0, 0, 0]
Sobel,[3.20332, 0, 0, 0],2089,[3.32234, 0, 0, 0]
EyeROI,[74.8119, 0, 0, 0],2084,[83.4981, 0, 0, 0]
Gradient Y,[0.611429, 0, 0, 0],1988,[6.94724, 0, 0, 0]
Valor absoluto Gradient Y,[3.26476, 0, 0, 0],1802,[3.90287, 0, 0, 0]
Sobel,[6.56237, 0, 0, 0],2098,[11.3174, 0, 0, 0]
Gradient Y,[0.309286, 0, 0, 0],1938,[-3.22202, 0, 0, 0]
Valor absoluto Gradient Y,[2.39048, 0, 0, 0],1604,[-0.0212208, 0, 0, 0]
Sobel,[3.80343, 0, 0, 0],2091,[1.61918, 0, 0, 0]
EyeROI,[83.3167, 0, 0, 0],2084,[113.533, 0, 0, 0]
Gradient Y,[0.457143, 0, 0, 0],2017,[5.26115, 0, 0, 0]
Valor absoluto Gradient Y,[4.48619, 0, 0, 0],1839,[3.12778, 0, 0, 0]
Sobel,[9.18857, 0, 0, 0],2096,[13.9096, 0, 0, 0]
Gradient Y,[0.206977, 0, 0, 0],1958,[-1.90855, 0, 0, 0]
Valor absoluto Gradient Y,[2.29628, 0, 0, 0],1653,[-0.310288, 0, 0, 0]
Sobel,[3.64857, 0, 0, 0],2133,[1.17124, 0, 0, 0]
EyeROI,[83.7209, 0, 0, 0],2134,[102.106, 0, 0, 0]
Gradient Y,[0.481628, 0, 0, 0],2055,[5.31, 0, 0, 0]
Valor absoluto Gradient Y,[4.2907, 0, 0, 0],1878,[2.67637, 0, 0, 0]
Sobel,[8.13585, 0, 0, 0],2146,[10.0779, 0, 0, 0]
Gradient Y,[0.375238, 0, 0, 0],1949,[-2.57662, 0, 0, 0]
Valor absoluto Gradient Y,[2.55571, 0, 0, 0],1668,[1.21744, 0, 0, 0]
Sobel,[3.82644, 0, 0, 0],2091,[3.65594, 0, 0, 0]
EyeROI,[79.6205, 0, 0, 0],2084,[98.5734, 0, 0, 0]
Gradient Y,[0.763333, 0, 0, 0],1991,[6.20821, 0, 0, 0]
Valor absoluto Gradient Y,[4.63571, 0, 0, 0],1819,[2.5987, 0, 0, 0]
Sobel,[10.0203, 0, 0, 0],2095,[16.7121, 0, 0, 0]
Gradient Y,[0.273488, 0, 0, 0],1979,[-1.20613, 0, 0, 0]
Valor absoluto Gradient Y,[2.49023, 0, 0, 0],1683,[1.265, 0, 0, 0]
Sobel,[3.75349, 0, 0, 0],2134,[2.55634, 0, 0, 0]
EyeROI,[79.8781, 0, 0, 0],2134,[99.2462, 0, 0, 0]
Gradient Y,[0.81186, 0, 0, 0],2068,[6.15408, 0, 0, 0]
Valor absoluto Gradient Y,[4.62326, 0, 0, 0],1892,[3.08346, 0, 0, 0]
Sobel,[10.124, 0, 0, 0],2143,[14.7512, 0, 0, 0]
Gradient Y,[0.252093, 0, 0, 0],1994,[-2.16596, 0, 0, 0]
Valor absoluto Gradient Y,[2.46977, 0, 0, 0],1688,[2.34387, 0, 0, 0]
Sobel,[3.7866, 0, 0, 0],2139,[3.60202, 0, 0, 0]
EyeROI,[80.0902, 0, 0, 0],2134,[98.5454, 0, 0, 0]
Gradient Y,[0.866744, 0, 0, 0],2053,[5.72665, 0, 0, 0]
Valor absoluto Gradient Y,[4.61953, 0, 0, 0],1891,[4.19155, 0, 0, 0]
Sobel,[10.1703, 0, 0, 0],2146,[15.9385, 0, 0, 0]
Gradient Y,[0.228333, 0, 0, 0],1937,[-1.062, 0, 0, 0]
Valor absoluto Gradient Y,[2.47952, 0, 0, 0],1622,[0.175493, 0, 0, 0]
Sobel,[3.80827, 0, 0, 0],2086,[1.18913, 0, 0, 0]
EyeROI,[80.8157, 0, 0, 0],2084,[97.8068, 0, 0, 0]
Gradient Y,[0.933095, 0, 0, 0],2012,[4.29712, 0, 0, 0]
Valor absoluto Gradient Y,[4.68857, 0, 0, 0],1854,[3.68814, 0, 0, 0]
Sobel,[10.1656, 0, 0, 0],2097,[16.774, 0, 0, 0]
Gradient Y,[0.215238, 0, 0, 0],1932,[-1.86339, 0, 0, 0]
Valor absoluto Gradient Y,[2.37048, 0, 0, 0],1633,[-0.0760755, 0, 0, 0]
Sobel,[3.64327, 0, 0, 0],2091,[2.15462, 0, 0, 0]
EyeROI,[80.9267, 0, 0, 0],2084,[100.989, 0, 0, 0]
Gradient Y,[0.677143, 0, 0, 0],2015,[6.41665, 0, 0, 0]
Valor absoluto Gradient Y,[4.69238, 0, 0, 0],1875,[1.73481, 0, 0, 0]
Sobel,[9.55198, 0, 0, 0],2097,[14.4307, 0, 0, 0]
Gradient Y,[0.299762, 0, 0, 0],1931,[-1.78491, 0, 0, 0]
Valor absoluto Gradient Y,[2.17857, 0, 0, 0],1617,[1.87349, 0, 0, 0]
Sobel,[3.35951, 0, 0, 0],2085,[2.76668, 0, 0, 0]
EyeROI,[82.241, 0, 0, 0],2084,[104.898, 0, 0, 0]
Gradient Y,[0.505714, 0, 0, 0],2014,[2.95033, 0, 0, 0]
Valor absoluto Gradient Y,[4.49095, 0, 0, 0],1846,[4.32942, 0, 0, 0]
Sobel,[9.08481, 0, 0, 0],2098,[13.205, 0, 0, 0]
Gradient Y,[0.423095, 0, 0, 0],1922,[-0.328447, 0, 0, 0]
Valor absoluto Gradient Y,[2.85, 0, 0, 0],1636,[1.98198, 0, 0, 0]
Sobel,[3.86944, 0, 0, 0],2074,[2.36464, 0, 0, 0]
EyeROI,[80.3233, 0, 0, 0],2084,[108.889, 0, 0, 0]
Gradient Y,[0.140238, 0, 0, 0],2002,[6.60721, 0, 0, 0]
Valor absoluto Gradient Y,[4.46143, 0, 0, 0],1824,[6.24427, 0, 0, 0]
Sobel,[8.31666, 0, 0, 0],2095,[16.5244, 0, 0, 0]
Gradient Y,[0.49, 0, 0, 0],1926,[-1.97, 0, 0, 0]
Valor absoluto Gradient Y,[2.77524, 0, 0, 0],1638,[1.936, 0, 0, 0]
Sobel,[3.82141, 0, 0, 0],2081,[3.41004, 0, 0, 0]
EyeROI,[80.35, 0, 0, 0],2084,[107.459, 0, 0, 0]
Gradient Y,[0.411429, 0, 0, 0],2000,[6.97464, 0, 0, 0]
Valor absoluto Gradient Y,[4.46667, 0, 0, 0],1810,[3.91948, 0, 0, 0]
Sobel,[8.85445, 0, 0, 0],2092,[17.4825, 0, 0, 0]
Gradient Y,[0.372857, 0, 0, 0],1934,[-0.611378, 0, 0, 0]
Valor absoluto Gradient Y,[2.86952, 0, 0, 0],1663,[2.74371, 0, 0, 0]
Sobel,[3.89688, 0, 0, 0],2085,[3.29025, 0, 0, 0]
EyeROI,[80.6019, 0, 0, 0],2084,[109.765, 0, 0, 0]
Gradient Y,[0.405952, 0, 0, 0],2016,[4.8853, 0, 0, 0]
Valor absoluto Gradient Y,[4.80333, 0, 0, 0],1845,[3.82865, 0, 0, 0]
Sobel,[9.36206, 0, 0, 0],2096,[11.144, 0, 0, 0]
Gradient Y,[0.357619, 0, 0, 0],1930,[0.229228, 0, 0, 0]
Valor absoluto Gradient Y,[2.7881, 0, 0, 0],1656,[2.59142, 0, 0, 0]
Sobel,[3.80193, 0, 0, 0],2089,[3.99974, 0, 0, 0]
EyeROI,[79.6795, 0, 0, 0],2084,[108.516, 0, 0, 0]
Gradient Y,[0.374524, 0, 0, 0],2018,[3.19242, 0, 0, 0]
Valor absoluto Gradient Y,[4.68667, 0, 0, 0],1842,[4.83003, 0, 0, 0]
Sobel,[9.09779, 0, 0, 0],2095,[11.2522, 0, 0, 0]
Gradient Y,[0.307442, 0, 0, 0],1991,[-2.41423, 0, 0, 0]
Valor absoluto Gradient Y,[2.74047, 0, 0, 0],1688,[2.38707, 0, 0, 0]
Sobel,[3.76458, 0, 0, 0],2133,[4.39836, 0, 0, 0]
EyeROI,[79.6553, 0, 0, 0],2134,[108.029, 0, 0, 0]
Gradient Y,[0.485814, 0, 0, 0],2047,[3.18652, 0, 0, 0]
Valor absoluto Gradient Y,[4.6107, 0, 0, 0],1869,[5.31969, 0, 0, 0]
Sobel,[9.56829, 0, 0, 0],2146,[16.584, 0, 0, 0]
Gradient Y,[0.410238, 0, 0, 0],1903,[-0.845703, 0, 0, 0]
Valor absoluto Gradient Y,[2.56667, 0, 0, 0],1603,[1.94744, 0, 0, 0]
Sobel,[3.63444, 0, 0, 0],2079,[2.83429, 0, 0, 0]
EyeROI,[80.7843, 0, 0, 0],2084,[107.421, 0, 0, 0]
Gradient Y,[0.60881, 0, 0, 0],2019,[5.59034, 0, 0, 0]
Valor absoluto Gradient Y,[4.68524, 0, 0, 0],1869,[2.63316, 0, 0, 0]
Sobel,[9.65085, 0, 0, 0],2096,[13.6922, 0, 0, 0]
Gradient Y,[0.43, 0, 0, 0],1973,[-1.94697, 0, 0, 0]
Valor absoluto Gradient Y,[2.73395, 0, 0, 0],1678,[2.16824, 0, 0, 0]
Sobel,[3.72328, 0, 0, 0],2136,[3.5679, 0, 0, 0]
EyeROI,[79.8805, 0, 0, 0],2139,[104.282, 0, 0, 0]
Gradient Y,[0.263023, 0, 0, 0],2042,[7.91911, 0, 0, 0]
Valor absoluto Gradient Y,[4.54419, 0, 0, 0],1847,[5.86275, 0, 0, 0]
Sobel,[8.75995, 0, 0, 0],2142,[18.0526, 0, 0, 0]
Gradient Y,[0.422381, 0, 0, 0],1930,[-1.98459, 0, 0, 0]
Valor absoluto Gradient Y,[2.74524, 0, 0, 0],1642,[2.23693, 0, 0, 0]
Sobel,[3.74692, 0, 0, 0],2079,[4.10786, 0, 0, 0]
EyeROI,[79.7219, 0, 0, 0],2085,[107.581, 0, 0, 0]
Gradient Y,[0.303333, 0, 0, 0],1998,[4.00176, 0, 0, 0]
Valor absoluto Gradient Y,[4.74238, 0, 0, 0],1848,[4.63748, 0, 0, 0]
Sobel,[9.18843, 0, 0, 0],2095,[14.5731, 0, 0, 0]
Gradient Y,[0.422143, 0, 0, 0],1921,[-0.701077, 0, 0, 0]
Valor absoluto Gradient Y,[2.65571, 0, 0, 0],1610,[0.986321, 0, 0, 0]
Sobel,[3.72488, 0, 0, 0],2084,[2.07212, 0, 0, 0]
EyeROI,[80.2324, 0, 0, 0],2084,[107.464, 0, 0, 0]
Gradient Y,[0.36, 0, 0, 0],2002,[6.01107, 0, 0, 0]
Valor absoluto Gradient Y,[4.80571, 0, 0, 0],1847,[2.2521, 0, 0, 0]
Sobel,[9.27725, 0, 0, 0],2091,[12.4171, 0, 0, 0]
Gradient Y,[0.272143, 0, 0, 0],1931,[0.343587, 0, 0, 0]
Valor absoluto Gradient Y,[2.89905, 0, 0, 0],1678,[1.54879, 0, 0, 0]
Sobel,[3.9484, 0, 0, 0],2087,[2.16424, 0, 0, 0]
EyeROI,[79.3262, 0, 0, 0],2084,[108.216, 0, 0, 0]
Gradient Y,[0.189286, 0, 0, 0],2015,[4.29696, 0, 0, 0]
Valor absoluto Gradient Y,[4.71667, 0, 0, 0],1853,[4.96691, 0, 0, 0]
Sobel,[8.83144, 0, 0, 0],2094,[13.5259, 0, 0, 0]
Gradient Y,[0.497619, 0, 0, 0],1913,[-2.93063, 0, 0, 0]
Valor absoluto Gradient Y,[2.57333, 0, 0, 0],1590,[1.5819, 0, 0, 0]
Sobel,[3.62378, 0, 0, 0],2083,[3.84231, 0, 0, 0]
EyeROI,[79.1414, 0, 0, 0],2085,[102.395, 0, 0, 0]
Gradient Y,[0.328333, 0, 0, 0],1995,[7.89101, 0, 0, 0]
Valor absoluto Gradient Y,[4.64095, 0, 0, 0],1824,[4.27593, 0, 0, 0]
Sobel,[9.0776, 0, 0, 0],2091,[18.1602, 0, 0, 0]
Gradient Y,[0.337143, 0, 0, 0],1932,[-3.47646, 0, 0, 0]
Valor absoluto Gradient Y,[2.54571, 0, 0, 0],1640,[0.841408, 0, 0, 0]
Sobel,[3.8522, 0, 0, 0],2090,[3.48468, 0, 0, 0]
EyeROI,[83.0886, 0, 0, 0],2084,[110.472, 0, 0, 0]
Gradient Y,[0.38, 0, 0, 0],2023,[7.86955, 0, 0, 0]
Valor absoluto Gradient Y,[5.26952, 0, 0, 0],1908,[5.19387, 0, 0, 0]
Sobel,[9.60984, 0, 0, 0],2098,[14.2649, 0, 0, 0]
Gradient Y,[0.329524, 0, 0, 0],1939,[-0.997812, 0, 0, 0]
Valor absoluto Gradient Y,[2.39286, 0, 0, 0],1589,[-0.119741, 0, 0, 0]
Sobel,[3.78498, 0, 0, 0],2084,[1.32358, 0, 0, 0]
EyeROI,[84.9695, 0, 0, 0],2084,[109.152, 0, 0, 0]
Gradient Y,[0.492857, 0, 0, 0],2028,[6.11741, 0, 0, 0]
Valor absoluto Gradient Y,[5.16048, 0, 0, 0],1876,[2.40708, 0, 0, 0]
Sobel,[9.60722, 0, 0, 0],2098,[9.17268, 0, 0, 0]
Gradient Y,[0.403571, 0, 0, 0],1926,[-3.25095, 0, 0, 0]
Valor absoluto Gradient Y,[2.50571, 0, 0, 0],1606,[1.77625, 0, 0, 0]
Sobel,[3.76348, 0, 0, 0],2087,[2.98096, 0, 0, 0]
EyeROI,[81.2748, 0, 0, 0],2084,[105.9, 0, 0, 0]
Gradient Y,[0.522143, 0, 0, 0],2026,[8.55199, 0, 0, 0]
Valor absoluto Gradient Y,[5.17905, 0, 0, 0],1897,[4.40559, 0, 0, 0]
Sobel,[9.65119, 0, 0, 0],2099,[13.9816, 0, 0, 0]
Gradient Y,[0.403095, 0, 0, 0],1916,[-0.574019, 0, 0, 0]
Valor absoluto Gradient Y,[2.47, 0, 0, 0],1599,[1.08911, 0, 0, 0]
Sobel,[3.64556, 0, 0, 0],2080,[2.03972, 0, 0, 0]
EyeROI,[79.6867, 0, 0, 0],2084,[101.075, 0, 0, 0]
Gradient Y,[-0.0116667, 0, 0, 0],2032,[5.83225, 0, 0, 0]
Valor absoluto Gradient Y,[4.9081, 0, 0, 0],1900,[2.50443, 0, 0, 0]
Sobel,[8.42311, 0, 0, 0],2097,[10.436, 0, 0, 0]
Gradient Y,[0.432381, 0, 0, 0],1896,[-2.89256, 0, 0, 0]
Valor absoluto Gradient Y,[2.23048, 0, 0, 0],1600,[1.97316, 0, 0, 0]
Sobel,[3.30071, 0, 0, 0],2080,[3.13882, 0, 0, 0]
EyeROI,[79.8724, 0, 0, 0],2089,[111.908, 0, 0, 0]
Gradient Y,[-0.10381, 0, 0, 0],2012,[3.74256, 0, 0, 0]
Valor absoluto Gradient Y,[4.67048, 0, 0, 0],1854,[5.38314, 0, 0, 0]
Sobel,[8.74066, 0, 0, 0],2095,[13.5039, 0, 0, 0]
Gradient Y,[0.413095, 0, 0, 0],1958,[-4.98467, 0, 0, 0]
Valor absoluto Gradient Y,[2.9419, 0, 0, 0],1691,[1.50558, 0, 0, 0]
Sobel,[4.03465, 0, 0, 0],2082,[3.70931, 0, 0, 0]
EyeROI,[81.2262, 0, 0, 0],2084,[112.187, 0, 0, 0]
Gradient Y,[0.0161905, 0, 0, 0],2023,[4.06597, 0, 0, 0]
Valor absoluto Gradient Y,[4.9019, 0, 0, 0],1871,[5.41267, 0, 0, 0]
Sobel,[9.13957, 0, 0, 0],2096,[11.9388, 0, 0, 0]
Gradient Y,[0.421429, 0, 0, 0],1947,[-1.66896, 0, 0, 0]
Valor absoluto Gradient Y,[2.81381, 0, 0, 0],1665,[0.81061, 0, 0, 0]
Sobel,[3.8265, 0, 0, 0],2083,[1.70063, 0, 0, 0]
EyeROI,[80.1576, 0, 0, 0],2084,[108.407, 0, 0, 0]
Gradient Y,[-0.111667, 0, 0, 0],2014,[7.07917, 0, 0, 0]
Valor absoluto Gradient Y,[4.83333, 0, 0, 0],1838,[9.58578, 0, 0, 0]
Sobel,[8.66776, 0, 0, 0],2097,[17.3251, 0, 0, 0]
Gradient Y,[0.350952, 0, 0, 0],1975,[-1.32871, 0, 0, 0]
Valor absoluto Gradient Y,[2.87952, 0, 0, 0],1708,[1.05245, 0, 0, 0]
Sobel,[3.97487, 0, 0, 0],2088,[1.23969, 0, 0, 0]
EyeROI,[80.4143, 0, 0, 0],2084,[106.712, 0, 0, 0]
Gradient Y,[-0.128571, 0, 0, 0],2006,[4.52172, 0, 0, 0]
Valor absoluto Gradient Y,[4.82762, 0, 0, 0],1840,[4.46531, 0, 0, 0]
Sobel,[8.80875, 0, 0, 0],2098,[13.8493, 0, 0, 0]
Gradient Y,[0.418095, 0, 0, 0],1963,[-1.84741, 0, 0, 0]
Valor absoluto Gradient Y,[2.59714, 0, 0, 0],1690,[1.90873, 0, 0, 0]
Sobel,[3.54054, 0, 0, 0],2088,[2.86488, 0, 0, 0]
EyeROI,[78.0619, 0, 0, 0],2084,[106.274, 0, 0, 0]
Gradient Y,[-0.0242857, 0, 0, 0],2001,[3.24572, 0, 0, 0]
Valor absoluto Gradient Y,[4.44571, 0, 0, 0],1838,[4.92675, 0, 0, 0]
Sobel,[8.46968, 0, 0, 0],2093,[14.3316, 0, 0, 0]
Gradient Y,[-0.0833333, 0, 0, 0],1922,[0.546272, 0, 0, 0]
Valor absoluto Gradient Y,[2.17, 0, 0, 0],1624,[2.71121, 0, 0, 0]
Sobel,[3.18372, 0, 0, 0],2075,[3.28867, 0, 0, 0]
EyeROI,[82.5552, 0, 0, 0],2089,[93.0017, 0, 0, 0]
Gradient Y,[0.630714, 0, 0, 0],2009,[-2.20955, 0, 0, 0]
Valor absoluto Gradient Y,[4.43667, 0, 0, 0],1823,[6.29654, 0, 0, 0]
Sobel,[9.81635, 0, 0, 0],2096,[19.5157, 0, 0, 0]
Gradient Y,[-0.0218605, 0, 0, 0],1968,[-1.34239, 0, 0, 0]
Valor absoluto Gradient Y,[2.26419, 0, 0, 0],1674,[3.07432, 0, 0, 0]
Sobel,[3.27908, 0, 0, 0],2133,[4.29688, 0, 0, 0]
EyeROI,[81.4647, 0, 0, 0],2135,[91.3008, 0, 0, 0]
Gradient Y,[0.381628, 0, 0, 0],2045,[-1.04569, 0, 0, 0]
Valor absoluto Gradient Y,[4.30605, 0, 0, 0],1862,[6.27232, 0, 0, 0]
Sobel,[9.43781, 0, 0, 0],2149,[18.9339, 0, 0, 0]
Gradient Y,[-0.0688372, 0, 0, 0],1946,[-1.90721, 0, 0, 0]
Valor absoluto Gradient Y,[2.29721, 0, 0, 0],1603,[2.79853, 0, 0, 0]
Sobel,[3.44852, 0, 0, 0],2131,[5.40429, 0, 0, 0]
EyeROI,[81.8381, 0, 0, 0],2139,[91.1372, 0, 0, 0]
Gradient Y,[0.600233, 0, 0, 0],2067,[1.1221, 0, 0, 0]
Valor absoluto Gradient Y,[4.71395, 0, 0, 0],1909,[8.16592, 0, 0, 0]
Sobel,[10.3706, 0, 0, 0],2146,[21.9331, 0, 0, 0]
Gradient Y,[0.156667, 0, 0, 0],1925,[1.26557, 0, 0, 0]
Valor absoluto Gradient Y,[2.05524, 0, 0, 0],1608,[2.93881, 0, 0, 0]
Sobel,[3.14873, 0, 0, 0],2088,[4.01124, 0, 0, 0]
EyeROI,[80.1448, 0, 0, 0],2084,[93.5151, 0, 0, 0]
Gradient Y,[1.04119, 0, 0, 0],1985,[4.06018, 0, 0, 0]
Valor absoluto Gradient Y,[3.52952, 0, 0, 0],1805,[4.09844, 0, 0, 0]
Sobel,[8.80406, 0, 0, 0],2096,[14.2487, 0, 0, 0]
Gradient Y,[0.0437209, 0, 0, 0],1963,[0.778097, 0, 0, 0]
Valor absoluto Gradient Y,[2.06233, 0, 0, 0],1623,[0.368464, 0, 0, 0]
Sobel,[3.0194, 0, 0, 0],2132,[0.794847, 0, 0, 0]
EyeROI,[78.8842, 0, 0, 0],2134,[92.329, 0, 0, 0]
Gradient Y,[0.426279, 0, 0, 0],2046,[0.301022, 0, 0, 0]
Valor absoluto Gradient Y,[4.29535, 0, 0, 0],1840,[8.42702, 0, 0, 0]
Sobel,[8.79611, 0, 0, 0],2145,[20.3835, 0, 0, 0]
Gradient Y,[0.236667, 0, 0, 0],1936,[0.967002, 0, 0, 0]
Valor absoluto Gradient Y,[2.2381, 0, 0, 0],1618,[2.4143, 0, 0, 0]
Sobel,[3.29012, 0, 0, 0],2075,[3.84301, 0, 0, 0]
EyeROI,[79.0419, 0, 0, 0],2084,[89.9376, 0, 0, 0]
Gradient Y,[0.399524, 0, 0, 0],2008,[-0.985938, 0, 0, 0]
Valor absoluto Gradient Y,[4.74381, 0, 0, 0],1846,[5.31594, 0, 0, 0]
Sobel,[10.1705, 0, 0, 0],2100,[17.5736, 0, 0, 0]
Gradient Y,[0.211395, 0, 0, 0],1993,[-0.566034, 0, 0, 0]
Valor absoluto Gradient Y,[2.19023, 0, 0, 0],1675,[2.09605, 0, 0, 0]
Sobel,[3.18537, 0, 0, 0],2133,[3.10123, 0, 0, 0]
EyeROI,[79.327, 0, 0, 0],2134,[90.8355, 0, 0, 0]
Gradient Y,[0.394419, 0, 0, 0],2050,[0.53619, 0, 0, 0]
Valor absoluto Gradient Y,[4.74326, 0, 0, 0],1862,[7.10948, 0, 0, 0]
Sobel,[9.94955, 0, 0, 0],2143,[17.1746, 0, 0, 0]
Gradient Y,[0.324186, 0, 0, 0],1985,[-1.59623, 0, 0, 0]
Valor absoluto Gradient Y,[2.34465, 0, 0, 0],1675,[3.17464, 0, 0, 0]
Sobel,[3.18743, 0, 0, 0],2125,[4.82431, 0, 0, 0]
EyeROI,[79.0563, 0, 0, 0],2139,[101.334, 0, 0, 0]
Gradient Y,[0.503023, 0, 0, 0],2048,[5.35167, 0, 0, 0]
Valor absoluto Gradient Y,[4.25395, 0, 0, 0],1844,[5.27408, 0, 0, 0]
Sobel,[8.59387, 0, 0, 0],2143,[12.6429, 0, 0, 0]
Gradient Y,[0.286667, 0, 0, 0],1901,[-2.26605, 0, 0, 0]
Valor absoluto Gradient Y,[2.30952, 0, 0, 0],1583,[1.64997, 0, 0, 0]
Sobel,[3.25081, 0, 0, 0],2073,[1.87729, 0, 0, 0]
EyeROI,[79.8486, 0, 0, 0],2084,[95.5246, 0, 0, 0]
Gradient Y,[0.575714, 0, 0, 0],2009,[1.30484, 0, 0, 0]
Valor absoluto Gradient Y,[4.58238, 0, 0, 0],1844,[6.19113, 0, 0, 0]
Sobel,[9.35894, 0, 0, 0],2097,[16.7822, 0, 0, 0]
Gradient Y,[0.305952, 0, 0, 0],1914,[-1.74717, 0, 0, 0]
Valor absoluto Gradient Y,[2.39381, 0, 0, 0],1598,[3.83683, 0, 0, 0]
Sobel,[3.3592, 0, 0, 0],2087,[5.29344, 0, 0, 0]
EyeROI,[78.8595, 0, 0, 0],2084,[92.0667, 0, 0, 0]
Gradient Y,[0.349762, 0, 0, 0],2007,[2.87826, 0, 0, 0]
Valor absoluto Gradient Y,[4.97571, 0, 0, 0],1847,[3.5163, 0, 0, 0]
Sobel,[10.1739, 0, 0, 0],2093,[15.0477, 0, 0, 0]
Gradient Y,[0.257674, 0, 0, 0],1942,[-1.179, 0, 0, 0]
Valor absoluto Gradient Y,[2.33442, 0, 0, 0],1635,[3.59606, 0, 0, 0]
Sobel,[3.33619, 0, 0, 0],2122,[4.89477, 0, 0, 0]
EyeROI,[78.6526, 0, 0, 0],2134,[93.6068, 0, 0, 0]
Gradient Y,[0.24814, 0, 0, 0],2068,[3.40421, 0, 0, 0]
Valor absoluto Gradient Y,[5.06651, 0, 0, 0],1903,[6.83321, 0, 0, 0]
Sobel,[10.3712, 0, 0, 0],2148,[16.6753, 0, 0, 0]
Gradient Y,[0.194286, 0, 0, 0],1943,[-0.664948, 0, 0, 0]
Valor absoluto Gradient Y,[2.55524, 0, 0, 0],1633,[4.02842, 0, 0, 0]
Sobel,[3.45025, 0, 0, 0],2089,[5.34838, 0, 0, 0]
EyeROI,[78.1019, 0, 0, 0],2084,[97.3648, 0, 0, 0]
Gradient Y,[0.348333, 0, 0, 0],2012,[2.285, 0, 0, 0]
Valor absoluto Gradient Y,[4.84381, 0, 0, 0],1827,[3.91829, 0, 0, 0]
Sobel,[9.74466, 0, 0, 0],2098,[14.9884, 0, 0, 0]
Gradient Y,[0.248095, 0, 0, 0],1921,[-2.09389, 0, 0, 0]
Valor absoluto Gradient Y,[2.57333, 0, 0, 0],1677,[2.34975, 0, 0, 0]
Sobel,[3.4668, 0, 0, 0],2083,[3.28085, 0, 0, 0]
EyeROI,[77.2033, 0, 0, 0],2085,[92.6986, 0, 0, 0]
Gradient Y,[0.314048, 0, 0, 0],1995,[3.22135, 0, 0, 0]
Valor absoluto Gradient Y,[4.80476, 0, 0, 0],1832,[3.15539, 0, 0, 0]
Sobel,[9.34149, 0, 0, 0],2097,[13.5684, 0, 0, 0]
Gradient Y,[0.26, 0, 0, 0],1975,[-0.219303, 0, 0, 0]
Valor absoluto Gradient Y,[2.42372, 0, 0, 0],1677,[2.1877, 0, 0, 0]
Sobel,[3.24807, 0, 0, 0],2131,[3.39433, 0, 0, 0]
EyeROI,[77.5642, 0, 0, 0],2134,[93.6704, 0, 0, 0]
Gradient Y,[0.356279, 0, 0, 0],2030,[4.49376, 0, 0, 0]
Valor absoluto Gradient Y,[4.53721, 0, 0, 0],1870,[3.25165, 0, 0, 0]
Sobel,[8.9367, 0, 0, 0],2144,[12.1986, 0, 0, 0]
Gradient Y,[0.376047, 0, 0, 0],1983,[-4.71549, 0, 0, 0]
Valor absoluto Gradient Y,[2.38837, 0, 0, 0],1674,[-0.165204, 0, 0, 0]
Sobel,[3.32765, 0, 0, 0],2129,[0.546683, 0, 0, 0]
EyeROI,[78.0712, 0, 0, 0],2134,[91.8887, 0, 0, 0]
Gradient Y,[0.0313953, 0, 0, 0],2058,[0.525884, 0, 0, 0]
Valor absoluto Gradient Y,[4.96698, 0, 0, 0],1871,[5.93322, 0, 0, 0]
Sobel,[10.0325, 0, 0, 0],2145,[17.1363, 0, 0, 0]
Gradient Y,[0.355238, 0, 0, 0],1932,[-2.36353, 0, 0, 0]
Valor absoluto Gradient Y,[2.44476, 0, 0, 0],1602,[2.78206, 0, 0, 0]
Sobel,[3.37048, 0, 0, 0],2084,[5.06175, 0, 0, 0]
EyeROI,[78.4376, 0, 0, 0],2084,[91.0687, 0, 0, 0]
Gradient Y,[0.247143, 0, 0, 0],2004,[0.288246, 0, 0, 0]
Valor absoluto Gradient Y,[4.95143, 0, 0, 0],1826,[6.00789, 0, 0, 0]
Sobel,[9.77337, 0, 0, 0],2097,[16.6994, 0, 0, 0]
Gradient Y,[0.366905, 0, 0, 0],1918,[-1.60358, 0, 0, 0]
Valor absoluto Gradient Y,[2.4381, 0, 0, 0],1615,[4.61, 0, 0, 0]
Sobel,[3.31557, 0, 0, 0],2075,[5.96241, 0, 0, 0]
EyeROI,[77.8181, 0, 0, 0],2084,[92.3069, 0, 0, 0]
Gradient Y,[0.240238, 0, 0, 0],2005,[1.9126, 0, 0, 0]
Valor absoluto Gradient Y,[4.73048, 0, 0, 0],1822,[5.83274, 0, 0, 0]
Sobel,[9.2846, 0, 0, 0],2099,[12.7742, 0, 0, 0]
Gradient Y,[0.355581, 0, 0, 0],1999,[-1.05176, 0, 0, 0]
Valor absoluto Gradient Y,[2.48047, 0, 0, 0],1681,[2.35738, 0, 0, 0]
Sobel,[3.36224, 0, 0, 0],2133,[2.77761, 0, 0, 0]
EyeROI,[77.4237, 0, 0, 0],2134,[92.3406, 0, 0, 0]
Gradient Y,[0.221628, 0, 0, 0],2059,[2.58865, 0, 0, 0]
Valor absoluto Gradient Y,[4.91628, 0, 0, 0],1888,[4.88981, 0, 0, 0]
Sobel,[9.91827, 0, 0, 0],2142,[16.2247, 0, 0, 0]
Gradient Y,[0.433333, 0, 0, 0],1928,[-1.69482, 0, 0, 0]
Valor absoluto Gradient Y,[2.43667, 0, 0, 0],1667,[2.47468, 0, 0, 0]
Sobel,[3.27509, 0, 0, 0],2086,[3.61164, 0, 0, 0]
EyeROI,[78.0157, 0, 0, 0],2084,[87.0945, 0, 0, 0]
Gradient Y,[0.142381, 0, 0, 0],2007,[2.52027, 0, 0, 0]
Valor absoluto Gradient Y,[4.7081, 0, 0, 0],1807,[4.58654, 0, 0, 0]
Sobel,[9.13225, 0, 0, 0],2094,[15.2077, 0, 0, 0]
Gradient Y,[0.335238, 0, 0, 0],1932,[-2.96129, 0, 0, 0]
Valor absoluto Gradient Y,[2.3881, 0, 0, 0],1647,[3.62022, 0, 0, 0]
Sobel,[3.32397, 0, 0, 0],2086,[4.85053, 0, 0, 0]
EyeROI,[78.5505, 0, 0, 0],2084,[94.4121, 0, 0, 0]
Gradient Y,[0.124286, 0, 0, 0],2018,[0.569183, 0, 0, 0]
Valor absoluto Gradient Y,[5.18429, 0, 0, 0],1863,[6.75241, 0, 0, 0]
Sobel,[9.98078, 0, 0, 0],2096,[18.2603, 0, 0, 0]
Gradient Y,[0.292143, 0, 0, 0],1945,[-2.01055, 0, 0, 0]
Valor absoluto Gradient Y,[2.47571, 0, 0, 0],1642,[3.15635, 0, 0, 0]
Sobel,[3.27827, 0, 0, 0],2082,[3.9991, 0, 0, 0]
EyeROI,[78.1305, 0, 0, 0],2084,[98.0522, 0, 0, 0]
Gradient Y,[0.339524, 0, 0, 0],1999,[3.26855, 0, 0, 0]
Valor absoluto Gradient Y,[4.80524, 0, 0, 0],1846,[5.96286, 0, 0, 0]
Sobel,[9.38233, 0, 0, 0],2095,[14.4654, 0, 0, 0]
Gradient Y,[0.276429, 0, 0, 0],1936,[0.139647, 0, 0, 0]
Valor absoluto Gradient Y,[2.5119, 0, 0, 0],1618,[3.93685, 0, 0, 0]
Sobel,[3.34758, 0, 0, 0],2075,[4.59224, 0, 0, 0]
EyeROI,[77.3062, 0, 0, 0],2084,[95.7419, 0, 0, 0]
Gradient Y,[0.39, 0, 0, 0],2013,[5.44885, 0, 0, 0]
Valor absoluto Gradient Y,[4.68571, 0, 0, 0],1829,[3.25943, 0, 0, 0]
Sobel,[8.96384, 0, 0, 0],2096,[11.0712, 0, 0, 0]
Gradient Y,[0.388333, 0, 0, 0],1906,[-2.65027, 0, 0, 0]
Valor absoluto Gradient Y,[2.50524, 0, 0, 0],1623,[3.12204, 0, 0, 0]
Sobel,[3.34744, 0, 0, 0],2073,[4.70415, 0, 0, 0]
EyeROI,[77.9914, 0, 0, 0],2084,[93.5526, 0, 0, 0]
Gradient Y,[0.207857, 0, 0, 0],1993,[1.93837, 0, 0, 0]
Valor absoluto Gradient Y,[4.83, 0, 0, 0],1823,[5.26202, 0, 0, 0]
Sobel,[9.43401, 0, 0, 0],2095,[13.9103, 0, 0, 0]
Gradient Y,[0.28619, 0, 0, 0],1937,[-1.30211, 0, 0, 0]
Valor absoluto Gradient Y,[2.56, 0, 0, 0],1645,[3.28636, 0, 0, 0]
Sobel,[3.4278, 0, 0, 0],2089,[3.86981, 0, 0, 0]
EyeROI,[77.6143, 0, 0, 0],2085,[91.2583, 0, 0, 0]
Gradient Y,[0.335952, 0, 0, 0],2020,[2.57564, 0, 0, 0]
Valor absoluto Gradient Y,[4.76333, 0, 0, 0],1838,[3.03546, 0, 0, 0]
Sobel,[9.42095, 0, 0, 0],2095,[14.1096, 0, 0, 0]
Gradient Y,[0.248095, 0, 0, 0],1924,[-1.47566, 0, 0, 0]
Valor absoluto Gradient Y,[2.54476, 0, 0, 0],1611,[2.81888, 0, 0, 0]
Sobel,[3.50197, 0, 0, 0],2079,[2.62475, 0, 0, 0]
EyeROI,[78.719, 0, 0, 0],2084,[99.252, 0, 0, 0]
Gradient Y,[0.306667, 0, 0, 0],2018,[2.9189, 0, 0, 0]
Valor absoluto Gradient Y,[4.98048, 0, 0, 0],1849,[3.38416, 0, 0, 0]
Sobel,[10.2169, 0, 0, 0],2095,[14.0084, 0, 0, 0]
Gradient Y,[0.359524, 0, 0, 0],1924,[-3.61914, 0, 0, 0]
Valor absoluto Gradient Y,[2.38524, 0, 0, 0],1627,[3.36504, 0, 0, 0]
Sobel,[3.30975, 0, 0, 0],2075,[4.56722, 0, 0, 0]
EyeROI,[77.5824, 0, 0, 0],2084,[91.792, 0, 0, 0]
Gradient Y,[0.100714, 0, 0, 0],2017,[0.67599, 0, 0, 0]
Valor absoluto Gradient Y,[4.93143, 0, 0, 0],1850,[5.7286, 0, 0, 0]
Sobel,[9.86908, 0, 0, 0],2097,[17.1978, 0, 0, 0]
Gradient Y,[0.478333, 0, 0, 0],1923,[-1.42155, 0, 0, 0]
Valor absoluto Gradient Y,[2.13667, 0, 0, 0],1605,[0.00960384, 0, 0, 0]
Sobel,[2.96848, 0, 0, 0],2077,[3.22303, 0, 0, 0]
EyeROI,[76.9671, 0, 0, 0],2089,[90.7808, 0, 0, 0]
Gradient Y,[0.239286, 0, 0, 0],1993,[2.90511, 0, 0, 0]
Valor absoluto Gradient Y,[4.47619, 0, 0, 0],1806,[4.71469, 0, 0, 0]
Sobel,[9.52145, 0, 0, 0],2097,[14.6795, 0, 0, 0]
Gradient Y,[0.255, 0, 0, 0],1948,[-2.88726, 0, 0, 0]
Valor absoluto Gradient Y,[2.33524, 0, 0, 0],1632,[1.308, 0, 0, 0]
Sobel,[3.33615, 0, 0, 0],2085,[3.05549, 0, 0, 0]
EyeROI,[76.4071, 0, 0, 0],2084,[91.3182, 0, 0, 0]
Gradient Y,[0.644762, 0, 0, 0],1989,[2.01405, 0, 0, 0]
Valor absoluto Gradient Y,[4.39524, 0, 0, 0],1836,[5.49387, 0, 0, 0]
Sobel,[8.9633, 0, 0, 0],2099,[13.9631, 0, 0, 0]
Gradient Y,[0.0159524, 0, 0, 0],1946,[-2.85996, 0, 0, 0]
Valor absoluto Gradient Y,[2.43143, 0, 0, 0],1614,[3.87429, 0, 0, 0]
Sobel,[3.27544, 0, 0, 0],2084,[3.09927, 0, 0, 0]
EyeROI,[73.0557, 0, 0, 0],2084,[101.613, 0, 0, 0]
Gradient Y,[0.586905, 0, 0, 0],1987,[1.31645, 0, 0, 0]
Valor absoluto Gradient Y,[3.9781, 0, 0, 0],1784,[2.91926, 0, 0, 0]
Sobel,[6.26625, 0, 0, 0],2090,[6.25125, 0, 0, 0]
Gradient Y,[0.03, 0, 0, 0],1250,[-1.08689, 0, 0, 0]
Valor absoluto Gradient Y,[0.336667, 0, 0, 0],564,[-0.63117, 0, 0, 0]
Sobel,[0.774966, 0, 0, 0],1704,[0.483623, 0, 0, 0]
EyeROI,[232.811, 0, 0, 0],2084,[235.951, 0, 0, 0]
Gradient Y,[0.00238095, 0, 0, 0],1371,[-0.168121, 0, 0, 0]
Valor absoluto Gradient Y,[0.40381, 0, 0, 0],653,[-0.198653, 0, 0, 0]
Sobel,[0.913649, 0, 0, 0],1867,[0.390828, 0, 0, 0]
nombre,mean,countNonZero,dft mean,
Gradient Y,[-0.112381, 0, 0, 0],1897,[2.27261, 0, 0, 0]
Valor absoluto Gradient Y,[2.30571, 0, 0, 0],1583,[0.742692, 0, 0, 0]
Sobel,[4.49259, 0, 0, 0],2073,[1.95742, 0, 0, 0]
EyeROI,[34.3114, 0, 0, 0],2084,[44.6701, 0, 0, 0]
Gradient Y,[0.131667, 0, 0, 0],1573,[0.0500213, 0, 0, 0]
Valor absoluto Gradient Y,[0.542857, 0, 0, 0],816,[0.683831, 0, 0, 0]
Sobel,[1.04263, 0, 0, 0],1944,[1.82976, 0, 0, 0]
Gradient Y,[-0.0478571, 0, 0, 0],1949,[1.56189, 0, 0, 0]
Valor absoluto Gradient Y,[2.75524, 0, 0, 0],1656,[0.0907877, 0, 0, 0]
Sobel,[5.12486, 0, 0, 0],2084,[1.78484, 0, 0, 0]
EyeROI,[35.0062, 0, 0, 0],2084,[48.6242, 0, 0, 0]
Gradient Y,[0.180714, 0, 0, 0],1625,[-2.01757, 0, 0, 0]
Valor absoluto Gradient Y,[0.630476, 0, 0, 0],912,[2.72998, 0, 0, 0]
Sobel,[1.0917, 0, 0, 0],1943,[2.94178, 0, 0, 0]
Gradient Y,[0.0171429, 0, 0, 0],1907,[0.0671, 0, 0, 0]
Valor absoluto Gradient Y,[2.86952, 0, 0, 0],1644,[0.440957, 0, 0, 0]
Sobel,[5.4576, 0, 0, 0],2078,[1.89627, 0, 0, 0]
EyeROI,[43.9671, 0, 0, 0],2084,[59.4876, 0, 0, 0]
Gradient Y,[0.205, 0, 0, 0],1589,[1.44613, 0, 0, 0]
Valor absoluto Gradient Y,[0.646667, 0, 0, 0],919,[1.55733, 0, 0, 0]
Sobel,[1.16071, 0, 0, 0],1966,[1.85743, 0, 0, 0]
Gradient Y,[-0.0509524, 0, 0, 0],1977,[-2.80857, 0, 0, 0]
Valor absoluto Gradient Y,[5.05952, 0, 0, 0],1802,[1.79522, 0, 0, 0]
Sobel,[9.7708, 0, 0, 0],2082,[2.99015, 0, 0, 0]
EyeROI,[132.713, 0, 0, 0],2084,[162.159, 0, 0, 0]
Gradient Y,[0.363333, 0, 0, 0],1565,[-0.0634831, 0, 0, 0]
Valor absoluto Gradient Y,[0.572857, 0, 0, 0],845,[-0.119333, 0, 0, 0]
Sobel,[1.00392, 0, 0, 0],1883,[0.374958, 0, 0, 0]
Gradient Y,[0.0335714, 0, 0, 0],1964,[2.33515, 0, 0, 0]
Valor absoluto Gradient Y,[5.24857, 0, 0, 0],1784,[2.90219, 0, 0, 0]
Sobel,[10.3674, 0, 0, 0],2087,[3.23104, 0, 0, 0]
EyeROI,[165.015, 0, 0, 0],2084,[199.19, 0, 0, 0]
Gradient Y,[0.315, 0, 0, 0],1501,[0.576288, 0, 0, 0]
Valor absoluto Gradient Y,[0.485238, 0, 0, 0],756,[0.936219, 0, 0, 0]
Sobel,[0.918591, 0, 0, 0],1856,[1.23787, 0, 0, 0]
Gradient Y,[-0.113256, 0, 0, 0],2035,[0.00122694, 0, 0, 0]
Valor absoluto Gradient Y,[5.73302, 0, 0, 0],1850,[0.0354229, 0, 0, 0]
Sobel,[10.9475, 0, 0, 0],2113,[3.37694, 0, 0, 0]
EyeROI,[173.608, 0, 0, 0],2134,[208.923, 0, 0, 0]
Gradient Y,[0.412558, 0, 0, 0],1385,[0.0738208, 0, 0, 0]
Valor absoluto Gradient Y,[0.494419, 0, 0, 0],768,[0.0383397, 0, 0, 0]
Sobel,[0.894119, 0, 0, 0],1789,[0.448933, 0, 0, 0]
Gradient Y,[0.0397674, 0, 0, 0],2040,[-0.642668, 0, 0, 0]
Valor absoluto Gradient Y,[5.78651, 0, 0, 0],1878,[0.442011, 0, 0, 0]
Sobel,[10.9192, 0, 0, 0],2128,[2.38288, 0, 0, 0]
EyeROI,[173.713, 0, 0, 0],2134,[208.744, 0, 0, 0]
Gradient Y,[0.384884, 0, 0, 0],1422,[0.194919, 0, 0, 0]
Valor absoluto Gradient Y,[0.531163, 0, 0, 0],850,[0.349308, 0, 0, 0]
Sobel,[0.972412, 0, 0, 0],1835,[1.40185, 0, 0, 0]
Gradient Y,[-0.43093, 0, 0, 0],2007,[3.03045, 0, 0, 0]
Valor absoluto Gradient Y,[4.24605, 0, 0, 0],1765,[1.50098, 0, 0, 0]
Sobel,[8.43952, 0, 0, 0],2130,[3.00749, 0, 0, 0]
EyeROI,[180.992, 0, 0, 0],2134,[214.722, 0, 0, 0]
Gradient Y,[0.334651, 0, 0, 0],1516,[0.0491763, 0, 0, 0]
Valor absoluto Gradient Y,[0.405116, 0, 0, 0],691,[0.755068, 0, 0, 0]
Sobel,[0.843028, 0, 0, 0],1911,[0.930939, 0, 0, 0]
Gradient Y,[0.0888372, 0, 0, 0],1967,[-1.3079, 0, 0, 0]
Valor absoluto Gradient Y,[1.97814, 0, 0, 0],1602,[-0.323574, 0, 0, 0]
Sobel,[3.25106, 0, 0, 0],2136,[0.648062, 0, 0, 0]
EyeROI,[76.226, 0, 0, 0],2134,[92.3874, 0, 0, 0]
Gradient Y,[0.578372, 0, 0, 0],2049,[5.88518, 0, 0, 0]
Valor absoluto Gradient Y,[3.67814, 0, 0, 0],1851,[4.69708, 0, 0, 0]
Sobel,[7.25008, 0, 0, 0],2140,[13.2892, 0, 0, 0]
Gradient Y,[0.183721, 0, 0, 0],1961,[-1.99318, 0, 0, 0]
Valor absoluto Gradient Y,[2.32698, 0, 0, 0],1639,[1.55562, 0, 0, 0]
Sobel,[3.47893, 0, 0, 0],2126,[3.76307, 0, 0, 0]
EyeROI,[68.0502, 0, 0, 0],2134,[81.332, 0, 0, 0]
Gradient Y,[0.636512, 0, 0, 0],2034,[1.46304, 0, 0, 0]
Valor absoluto Gradient Y,[3.9986, 0, 0, 0],1824,[8.84966, 0, 0, 0]
Sobel,[7.76443, 0, 0, 0],2143,[13.1751, 0, 0, 0]
Gradient Y,[0.433571, 0, 0, 0],1938,[-1.54364, 0, 0, 0]
Valor absoluto Gradient Y,[2.07095, 0, 0, 0],1635,[2.4274, 0, 0, 0]
Sobel,[3.01327, 0, 0, 0],2081,[4.03469, 0, 0, 0]
EyeROI,[65.0257, 0, 0, 0],2084,[89.9721, 0, 0, 0]
Gradient Y,[0.55, 0, 0, 0],1954,[6.25236, 0, 0, 0]
Valor absoluto Gradient Y,[3.46048, 0, 0, 0],1731,[5.65868, 0, 0, 0]
Sobel,[6.33891, 0, 0, 0],2095,[9.65811, 0, 0, 0]
Gradient Y,[0.354884, 0, 0, 0],1986,[0.00230223, 0, 0, 0]
Valor absoluto Gradient Y,[2.22558, 0, 0, 0],1680,[-0.320254, 0, 0, 0]
Sobel,[3.48415, 0, 0, 0],2138,[1.90994, 0, 0, 0]
EyeROI,[69.0512, 0, 0, 0],2134,[87.2477, 0, 0, 0]
Gradient Y,[0.625116, 0, 0, 0],2056,[6.27516, 0, 0, 0]
Valor absoluto Gradient Y,[3.81116, 0, 0, 0],1872,[7.15622, 0, 0, 0]
Sobel,[6.94149, 0, 0, 0],2142,[12.3845, 0, 0, 0]
Gradient Y,[0.313953, 0, 0, 0],1993,[-0.2349, 0, 0, 0]
Valor absoluto Gradient Y,[2.22372, 0, 0, 0],1674,[0.463813, 0, 0, 0]
Sobel,[3.48575, 0, 0, 0],2140,[1.55268, 0, 0, 0]
EyeROI,[70.1991, 0, 0, 0],2134,[86.6787, 0, 0, 0]
Gradient Y,[0.614186, 0, 0, 0],2025,[7.72242, 0, 0, 0]
Valor absoluto Gradient Y,[3.71581, 0, 0, 0],1819,[8.29012, 0, 0, 0]
Sobel,[6.68107, 0, 0, 0],2138,[12.3823, 0, 0, 0]
Gradient Y,[0.355814, 0, 0, 0],1979,[-1.67253, 0, 0, 0]
Valor absoluto Gradient Y,[2.16744, 0, 0, 0],1656,[2.32116, 0, 0, 0]
Sobel,[3.39788, 0, 0, 0],2138,[3.68121, 0, 0, 0]
EyeROI,[69.44, 0, 0, 0],2134,[88.8927, 0, 0, 0]
Gradient Y,[0.486744, 0, 0, 0],2037,[6.2537, 0, 0, 0]
Valor absoluto Gradient Y,[3.99814, 0, 0, 0],1848,[4.34789, 0, 0, 0]
Sobel,[7.60315, 0, 0, 0],2139,[8.48801, 0, 0, 0]
Gradient Y,[0.391628, 0, 0, 0],1984,[-0.626538, 0, 0, 0]
Valor absoluto Gradient Y,[2.28605, 0, 0, 0],1678,[2.75633, 0, 0, 0]
Sobel,[3.52534, 0, 0, 0],2136,[3.41246, 0, 0, 0]
EyeROI,[67.7907, 0, 0, 0],2134,[84.7612, 0, 0, 0]
Gradient Y,[0.558605, 0, 0, 0],2060,[6.36635, 0, 0, 0]
Valor absoluto Gradient Y,[4.00419, 0, 0, 0],1855,[4.96445, 0, 0, 0]
Sobel,[7.7894, 0, 0, 0],2144,[10.3571, 0, 0, 0]
Gradient Y,[0.399286, 0, 0, 0],1903,[-2.97948, 0, 0, 0]
Valor absoluto Gradient Y,[2.29143, 0, 0, 0],1613,[-0.0633855, 0, 0, 0]
Sobel,[3.61467, 0, 0, 0],2078,[1.51617, 0, 0, 0]
EyeROI,[69.4438, 0, 0, 0],2084,[84.0997, 0, 0, 0]
Gradient Y,[0.583095, 0, 0, 0],2004,[5.28459, 0, 0, 0]
Valor absoluto Gradient Y,[4.19429, 0, 0, 0],1843,[3.64979, 0, 0, 0]
Sobel,[8.07628, 0, 0, 0],2094,[8.67839, 0, 0, 0]
Gradient Y,[0.218095, 0, 0, 0],1925,[-0.540946, 0, 0, 0]
Valor absoluto Gradient Y,[2.2181, 0, 0, 0],1617,[1.4518, 0, 0, 0]
Sobel,[3.42968, 0, 0, 0],2088,[4.8586, 0, 0, 0]
EyeROI,[69.371, 0, 0, 0],2084,[79.6024, 0, 0, 0]
Gradient Y,[0.72381, 0, 0, 0],2021,[4.42564, 0, 0, 0]
Valor absoluto Gradient Y,[3.97524, 0, 0, 0],1819,[5.96828, 0, 0, 0]
Sobel,[7.73201, 0, 0, 0],2094,[10.9504, 0, 0, 0]
Gradient Y,[0.31381, 0, 0, 0],1934,[-2.66499, 0, 0, 0]
Valor absoluto Gradient Y,[2.23952, 0, 0, 0],1606,[0.34659, 0, 0, 0]
Sobel,[3.53762, 0, 0, 0],2081,[1.21262, 0, 0, 0]
EyeROI,[70.9752, 0, 0, 0],2084,[89.8996, 0, 0, 0]
Gradient Y,[0.577619, 0, 0, 0],2007,[7.47596, 0, 0, 0]
Valor absoluto Gradient Y,[4.11048, 0, 0, 0],1802,[5.48729, 0, 0, 0]
Sobel,[7.69316, 0, 0, 0],2096,[10.4989, 0, 0, 0]
Gradient Y,[0.374286, 0, 0, 0],1929,[-0.307669, 0, 0, 0]
Valor absoluto Gradient Y,[2.28381, 0, 0, 0],1623,[1.10454, 0, 0, 0]
Sobel,[3.51732, 0, 0, 0],2087,[2.45989, 0, 0, 0]
EyeROI,[69.309, 0, 0, 0],2084,[89.6406, 0, 0, 0]
Gradient Y,[0.54619, 0, 0, 0],1994,[6.0786, 0, 0, 0]
Valor absoluto Gradient Y,[4.06952, 0, 0, 0],1821,[5.72575, 0, 0, 0]
Sobel,[7.56424, 0, 0, 0],2091,[10.6229, 0, 0, 0]
Gradient Y,[0.497674, 0, 0, 0],1997,[-1.05886, 0, 0, 0]
Valor absoluto Gradient Y,[2.49488, 0, 0, 0],1677,[1.27532, 0, 0, 0]
Sobel,[3.80254, 0, 0, 0],2135,[2.10444, 0, 0, 0]
EyeROI,[67.0167, 0, 0, 0],2134,[92.9508, 0, 0, 0]
Gradient Y,[0.452093, 0, 0, 0],2042,[6.45436, 0, 0, 0]
Valor absoluto Gradient Y,[4.22651, 0, 0, 0],1857,[4.14894, 0, 0, 0]
Sobel,[8.17059, 0, 0, 0],2146,[13.3669, 0, 0, 0]
Gradient Y,[0.387381, 0, 0, 0],1921,[-2.79834, 0, 0, 0]
Valor absoluto Gradient Y,[2.34476, 0, 0, 0],1628,[0.171441, 0, 0, 0]
Sobel,[3.62694, 0, 0, 0],2086,[1.07737, 0, 0, 0]
EyeROI,[68.6719, 0, 0, 0],2084,[87.1877, 0, 0, 0]
Gradient Y,[0.545476, 0, 0, 0],1980,[5.79378, 0, 0, 0]
Valor absoluto Gradient Y,[4.11286, 0, 0, 0],1801,[3.58608, 0, 0, 0]
Sobel,[8.01103, 0, 0, 0],2095,[8.78156, 0, 0, 0]
Gradient Y,[0.436667, 0, 0, 0],1915,[0.59127, 0, 0, 0]
Valor absoluto Gradient Y,[2.16714, 0, 0, 0],1609,[3.00075, 0, 0, 0]
Sobel,[3.28956, 0, 0, 0],2083,[3.06964, 0, 0, 0]
EyeROI,[71.6267, 0, 0, 0],2089,[92.7411, 0, 0, 0]
Gradient Y,[0.578095, 0, 0, 0],2013,[6.42769, 0, 0, 0]
Valor absoluto Gradient Y,[4.04857, 0, 0, 0],1844,[4.75784, 0, 0, 0]
Sobel,[7.60838, 0, 0, 0],2092,[9.80841, 0, 0, 0]
Gradient Y,[0.495952, 0, 0, 0],1955,[-2.2031, 0, 0, 0]
Valor absoluto Gradient Y,[2.41048, 0, 0, 0],1642,[2.92673, 0, 0, 0]
Sobel,[3.51669, 0, 0, 0],2088,[3.91094, 0, 0, 0]
EyeROI,[70.2533, 0, 0, 0],2084,[98.0488, 0, 0, 0]
Gradient Y,[0.501667, 0, 0, 0],1986,[6.59539, 0, 0, 0]
Valor absoluto Gradient Y,[4.03095, 0, 0, 0],1787,[4.40338, 0, 0, 0]
Sobel,[7.51405, 0, 0, 0],2096,[9.25079, 0, 0, 0]
Gradient Y,[0.395, 0, 0, 0],1944,[-3.27811, 0, 0, 0]
Valor absoluto Gradient Y,[2.47524, 0, 0, 0],1627,[2.84265, 0, 0, 0]
Sobel,[3.65309, 0, 0, 0],2080,[3.70776, 0, 0, 0]
EyeROI,[71.9933, 0, 0, 0],2084,[96.2393, 0, 0, 0]
Gradient Y,[0.448571, 0, 0, 0],1994,[5.67357, 0, 0, 0]
Valor absoluto Gradient Y,[4.10571, 0, 0, 0],1811,[5.12567, 0, 0, 0]
Sobel,[7.45362, 0, 0, 0],2093,[9.77698, 0, 0, 0]
Gradient Y,[0.424524, 0, 0, 0],1918,[-3.71547, 0, 0, 0]
Valor absoluto Gradient Y,[2.49524, 0, 0, 0],1642,[3.08905, 0, 0, 0]
Sobel,[3.50253, 0, 0, 0],2089,[3.89977, 0, 0, 0]
EyeROI,[69.321, 0, 0, 0],2084,[90.801, 0, 0, 0]
Gradient Y,[0.649048, 0, 0, 0],1991,[6.29928, 0, 0, 0]
Valor absoluto Gradient Y,[4.1781, 0, 0, 0],1817,[5.61281, 0, 0, 0]
Sobel,[7.52124, 0, 0, 0],2089,[10.7988, 0, 0, 0]
Gradient Y,[0.225349, 0, 0, 0],1989,[0.965049, 0, 0, 0]
Valor absoluto Gradient Y,[2.61581, 0, 0, 0],1709,[0.971288, 0, 0, 0]
Sobel,[3.60883, 0, 0, 0],2143,[1.33945, 0, 0, 0]
EyeROI,[68.5223, 0, 0, 0],2134,[92.7238, 0, 0, 0]
Gradient Y,[0.116279, 0, 0, 0],2039,[6.6, 0, 0, 0]
Valor absoluto Gradient Y,[4.26326, 0, 0, 0],1839,[5.22414, 0, 0, 0]
Sobel,[7.38266, 0, 0, 0],2143,[9.59587, 0, 0, 0]
Gradient Y,[0.40881, 0, 0, 0],1922,[-1.29844, 0, 0, 0]
Valor absoluto Gradient Y,[2.06143, 0, 0, 0],1581,[2.74822, 0, 0, 0]
Sobel,[3.16385, 0, 0, 0],2086,[5.75634, 0, 0, 0]
EyeROI,[68.389, 0, 0, 0],2084,[87.4221, 0, 0, 0]
Gradient Y,[0.601429, 0, 0, 0],2017,[5.12123, 0, 0, 0]
Valor absoluto Gradient Y,[3.89905, 0, 0, 0],1840,[5.99812, 0, 0, 0]
Sobel,[7.44034, 0, 0, 0],2094,[11.382, 0, 0, 0]
Gradient Y,[0.469524, 0, 0, 0],1941,[1.08238, 0, 0, 0]
Valor absoluto Gradient Y,[2.32429, 0, 0, 0],1654,[0.449551, 0, 0, 0]
Sobel,[3.61079, 0, 0, 0],2093,[3.10338, 0, 0, 0]
EyeROI,[69.7986, 0, 0, 0],2084,[92.8896, 0, 0, 0]
Gradient Y,[0.350238, 0, 0, 0],2005,[8.0064, 0, 0, 0]
Valor absoluto Gradient Y,[4.09, 0, 0, 0],1820,[5.84893, 0, 0, 0]
Sobel,[7.51616, 0, 0, 0],2092,[13.5578, 0, 0, 0]
Gradient Y,[0.517619, 0, 0, 0],1916,[1.24446, 0, 0, 0]
Valor absoluto Gradient Y,[2.29333, 0, 0, 0],1617,[1.26617, 0, 0, 0]
Sobel,[3.51961, 0, 0, 0],2080,[1.83889, 0, 0, 0]
EyeROI,[66.3157, 0, 0, 0],2084,[89.1535, 0, 0, 0]
Gradient Y,[0.336905, 0, 0, 0],2016,[7.2065, 0, 0, 0]
Valor absoluto Gradient Y,[4.16, 0, 0, 0],1838,[5.52, 0, 0, 0]
Sobel,[7.70028, 0, 0, 0],2091,[11.6845, 0, 0, 0]
Gradient Y,[0.442381, 0, 0, 0],1940,[0.308011, 0, 0, 0]
Valor absoluto Gradient Y,[2.36238, 0, 0, 0],1630,[0.352424, 0, 0, 0]
Sobel,[3.7308, 0, 0, 0],2080,[3.48958, 0, 0, 0]
EyeROI,[67.519, 0, 0, 0],2084,[95.0331, 0, 0, 0]
Gradient Y,[0.478095, 0, 0, 0],1989,[3.12099, 0, 0, 0]
Valor absoluto Gradient Y,[4.17667, 0, 0, 0],1812,[3.1904, 0, 0, 0]
Sobel,[8.14973, 0, 0, 0],2090,[9.96378, 0, 0, 0]
Gradient Y,[0.491163, 0, 0, 0],1972,[-2.16834, 0, 0, 0]
Valor absoluto Gradient Y,[2.3093, 0, 0, 0],1651,[0.462165, 0, 0, 0]
Sobel,[3.57297, 0, 0, 0],2133,[1.83744, 0, 0, 0]
EyeROI,[68.3628, 0, 0, 0],2134,[91.5544, 0, 0, 0]
Gradient Y,[0.683953, 0, 0, 0],2068,[7.835, 0, 0, 0]
Valor absoluto Gradient Y,[4.19395, 0, 0, 0],1869,[4.69233, 0, 0, 0]
Sobel,[8.55584, 0, 0, 0],2146,[11.9842, 0, 0, 0]
Gradient Y,[0.517619, 0, 0, 0],1939,[-1.61683, 0, 0, 0]
Valor absoluto Gradient Y,[2.41952, 0, 0, 0],1659,[0.696437, 0, 0, 0]
Sobel,[3.68397, 0, 0, 0],2079,[3.23502, 0, 0, 0]
EyeROI,[66.9262, 0, 0, 0],2084,[93.173, 0, 0, 0]
Gradient Y,[0.66, 0, 0, 0],2012,[7.06961, 0, 0, 0]
Valor absoluto Gradient Y,[4.3319, 0, 0, 0],1856,[4.844, 0, 0, 0]
Sobel,[8.64139, 0, 0, 0],2091,[10.918, 0, 0, 0]
Gradient Y,[0.336667, 0, 0, 0],1936,[-1.66044, 0, 0, 0]
Valor absoluto Gradient Y,[2.27952, 0, 0, 0],1626,[1.80004, 0, 0, 0]
Sobel,[3.51578, 0, 0, 0],2082,[3.88693, 0, 0, 0]
EyeROI,[69.0929, 0, 0, 0],2084,[84.7132, 0, 0, 0]
Gradient Y,[0.745476, 0, 0, 0],2007,[4.19483, 0, 0, 0]
Valor absoluto Gradient Y,[4.12619, 0, 0, 0],1847,[3.96922, 0, 0, 0]
Sobel,[8.1119, 0, 0, 0],2098,[10.9983, 0, 0, 0]
Gradient Y,[0.434419, 0, 0, 0],1978,[0.54374, 0, 0, 0]
Valor absoluto Gradient Y,[2.26419, 0, 0, 0],1652,[3.47255, 0, 0, 0]
Sobel,[3.52927, 0, 0, 0],2135,[4.64385, 0, 0, 0]
EyeROI,[69.4698, 0, 0, 0],2134,[91.7719, 0, 0, 0]
Gradient Y,[0.406512, 0, 0, 0],2046,[7.75461, 0, 0, 0]
Valor absoluto Gradient Y,[4.03302, 0, 0, 0],1866,[5.20681, 0, 0, 0]
Sobel,[7.6355, 0, 0, 0],2142,[12.8258, 0, 0, 0]
Gradient Y,[0.283095, 0, 0, 0],1910,[-1.56087, 0, 0, 0]
Valor absoluto Gradient Y,[2.19762, 0, 0, 0],1611,[0.432185, 0, 0, 0]
Sobel,[3.48365, 0, 0, 0],2084,[2.17069, 0, 0, 0]
EyeROI,[70.539, 0, 0, 0],2084,[87.8086, 0, 0, 0]
Gradient Y,[0.545714, 0, 0, 0],1995,[3.90722, 0, 0, 0]
Valor absoluto Gradient Y,[3.97381, 0, 0, 0],1799,[2.7406, 0, 0, 0]
Sobel,[7.69995, 0, 0, 0],2094,[9.2148, 0, 0, 0]
Gradient Y,[0.264286, 0, 0, 0],1913,[0.559556, 0, 0, 0]
Valor absoluto Gradient Y,[2.2381, 0, 0, 0],1606,[1.61355, 0, 0, 0]
Sobel,[3.6701, 0, 0, 0],2076,[2.62503, 0, 0, 0]
EyeROI,[73.3671, 0, 0, 0],2084,[93.2641, 0, 0, 0]
Gradient Y,[0.654762, 0, 0, 0],1981,[5.32222, 0, 0, 0]
Valor absoluto Gradient Y,[3.90238, 0, 0, 0],1799,[4.2177, 0, 0, 0]
Sobel,[7.58658, 0, 0, 0],2098,[9.75051, 0, 0, 0]
Gradient Y,[0.389762, 0, 0, 0],1937,[0.781607, 0, 0, 0]
Valor absoluto Gradient Y,[2.23048, 0, 0, 0],1625,[1.74265, 0, 0, 0]
Sobel,[3.53646, 0, 0, 0],2083,[2.77866, 0, 0, 0]
EyeROI,[69.4857, 0, 0, 0],2084,[86.3777, 0, 0, 0]
Gradient Y,[0.648095, 0, 0, 0],2018,[7.81371, 0, 0, 0]
Valor absoluto Gradient Y,[4.11429, 0, 0, 0],1832,[4.37915, 0, 0, 0]
Sobel,[8.2595, 0, 0, 0],2096,[15.2913, 0, 0, 0]
Gradient Y,[0.263333, 0, 0, 0],1945,[-0.511776, 0, 0, 0]
Valor absoluto Gradient Y,[2.18524, 0, 0, 0],1607,[1.06816, 0, 0, 0]
Sobel,[3.52293, 0, 0, 0],2091,[1.37091, 0, 0, 0]
EyeROI,[71.651, 0, 0, 0],2084,[87.4968, 0, 0, 0]
Gradient Y,[0.542143, 0, 0, 0],2007,[4.98208, 0, 0, 0]
Valor absoluto Gradient Y,[4.01143, 0, 0, 0],1833,[3.14252, 0, 0, 0]
Sobel,[7.6401, 0, 0, 0],2091,[7.91155, 0, 0, 0]
Gradient Y,[0.280952, 0, 0, 0],1939,[-0.956963, 0, 0, 0]
Valor absoluto Gradient Y,[2.19571, 0, 0, 0],1620,[1.30757, 0, 0, 0]
Sobel,[3.64825, 0, 0, 0],2090,[1.81031, 0, 0, 0]
EyeROI,[73.2224, 0, 0, 0],2084,[91.1114, 0, 0, 0]
Gradient Y,[0.58619, 0, 0, 0],1988,[6.74507, 0, 0, 0]
Valor absoluto Gradient Y,[3.99286, 0, 0, 0],1819,[2.58798, 0, 0, 0]
Sobel,[8.04184, 0, 0, 0],2096,[12.0763, 0, 0, 0]
Gradient Y,[0.500476, 0, 0, 0],1927,[0.669051, 0, 0, 0]
Valor absoluto Gradient Y,[2.47429, 0, 0, 0],1650,[1.45019, 0, 0, 0]
Sobel,[3.7327, 0, 0, 0],2084,[3.83237, 0, 0, 0]
EyeROI,[66.87, 0, 0, 0],2084,[83.9364, 0, 0, 0]
Gradient Y,[0.400238, 0, 0, 0],1992,[4.83119, 0, 0, 0]
Valor absoluto Gradient Y,[4.1481, 0, 0, 0],1806,[5.34322, 0, 0, 0]
Sobel,[8.00118, 0, 0, 0],2098,[10.7435, 0, 0, 0]
Gradient Y,[0.443333, 0, 0, 0],1945,[-0.889368, 0, 0, 0]
Valor absoluto Gradient Y,[2.42857, 0, 0, 0],1679,[2.20997, 0, 0, 0]
Sobel,[3.652, 0, 0, 0],2088,[2.37801, 0, 0, 0]
EyeROI,[67.0771, 0, 0, 0],2084,[88.6352, 0, 0, 0]
Gradient Y,[0.319286, 0, 0, 0],1999,[3.48952, 0, 0, 0]
Valor absoluto Gradient Y,[4.18714, 0, 0, 0],1801,[5.8715, 0, 0, 0]
Sobel,[7.73973, 0, 0, 0],2096,[13.9747, 0, 0, 0]
Gradient Y,[0.478571, 0, 0, 0],1941,[-0.0226379, 0, 0, 0]
Valor absoluto Gradient Y,[2.38048, 0, 0, 0],1656,[2.26739, 0, 0, 0]
Sobel,[3.5748, 0, 0, 0],2077,[3.00594, 0, 0, 0]
EyeROI,[65.4571, 0, 0, 0],2084,[90.4399, 0, 0, 0]
Gradient Y,[0.394048, 0, 0, 0],2005,[4.70425, 0, 0, 0]
Valor absoluto Gradient Y,[4.22143, 0, 0, 0],1832,[5.48441, 0, 0, 0]
Sobel,[7.95001, 0, 0, 0],2091,[13.1715, 0, 0, 0]
Gradient Y,[0.483571, 0, 0, 0],1948,[-2.18214, 0, 0, 0]
Valor absoluto Gradient Y,[2.39095, 0, 0, 0],1638,[-0.468798, 0, 0, 0]
Sobel,[3.65229, 0, 0, 0],2082,[1.40289, 0, 0, 0]
EyeROI,[69.0371, 0, 0, 0],2084,[87.6775, 0, 0, 0]
Gradient Y,[0.509524, 0, 0, 0],1999,[8.98016, 0, 0, 0]
Valor absoluto Gradient Y,[4.16, 0, 0, 0],1842,[4.0858, 0, 0, 0]
Sobel,[8.06064, 0, 0, 0],2093,[15.6216, 0, 0, 0]
Gradient Y,[0.372791, 0, 0, 0],1967,[-0.910447, 0, 0, 0]
Valor absoluto Gradient Y,[2.22419, 0, 0, 0],1655,[1.90376, 0, 0, 0]
Sobel,[3.47422, 0, 0, 0],2132,[3.45866, 0, 0, 0]
EyeROI,[69.607, 0, 0, 0],2134,[91.5921, 0, 0, 0]
Gradient Y,[0.41, 0, 0, 0],2042,[5.95614, 0, 0, 0]
Valor absoluto Gradient Y,[4.00837, 0, 0, 0],1846,[3.73721, 0, 0, 0]
Sobel,[7.67087, 0, 0, 0],2144,[10.1421, 0, 0, 0]
Gradient Y,[0.371429, 0, 0, 0],1903,[1.41101, 0, 0, 0]
Valor absoluto Gradient Y,[2.17714, 0, 0, 0],1595,[1.80305, 0, 0, 0]
Sobel,[3.50356, 0, 0, 0],2082,[3.3745, 0, 0, 0]
EyeROI,[72.6552, 0, 0, 0],2084,[90.7981, 0, 0, 0]
Gradient Y,[0.433333, 0, 0, 0],1996,[5.88195, 0, 0, 0]
Valor absoluto Gradient Y,[4.03333, 0, 0, 0],1823,[5.30713, 0, 0, 0]
Sobel,[7.74258, 0, 0, 0],2096,[14.2935, 0, 0, 0]
Gradient Y,[0.35881, 0, 0, 0],1957,[-2.92258, 0, 0, 0]
Valor absoluto Gradient Y,[2.33286, 0, 0, 0],1653,[0.686424, 0, 0, 0]
Sobel,[3.59535, 0, 0, 0],2093,[4.02561, 0, 0, 0]
EyeROI,[69.8581, 0, 0, 0],2084,[87.9392, 0, 0, 0]
Gradient Y,[0.682143, 0, 0, 0],2001,[6.61225, 0, 0, 0]
Valor absoluto Gradient Y,[4.19095, 0, 0, 0],1816,[3.04963, 0, 0, 0]
Sobel,[8.31435, 0, 0, 0],2096,[15.2581, 0, 0, 0]
Gradient Y,[0.398571, 0, 0, 0],1899,[-3.76772, 0, 0, 0]
Valor absoluto Gradient Y,[2.28762, 0, 0, 0],1610,[1.48129, 0, 0, 0]
Sobel,[3.47849, 0, 0, 0],2081,[2.64127, 0, 0, 0]
EyeROI,[69.2357, 0, 0, 0],2084,[92.0374, 0, 0, 0]
Gradient Y,[0.3, 0, 0, 0],1989,[6.92037, 0, 0, 0]
Valor absoluto Gradient Y,[4.0381, 0, 0, 0],1811,[4.23341, 0, 0, 0]
Sobel,[7.46838, 0, 0, 0],2094,[9.56305, 0, 0, 0]
Gradient Y,[0.158333, 0, 0, 0],1904,[1.5609, 0, 0, 0]
Valor absoluto Gradient Y,[2.26238, 0, 0, 0],1595,[2.98676, 0, 0, 0]
Sobel,[3.5503, 0, 0, 0],2076,[5.13392, 0, 0, 0]
EyeROI,[69.6186, 0, 0, 0],2084,[79.6226, 0, 0, 0]
Gradient Y,[0.809286, 0, 0, 0],1998,[3.40335, 0, 0, 0]
Valor absoluto Gradient Y,[4.06714, 0, 0, 0],1806,[5.26572, 0, 0, 0]
Sobel,[8.32128, 0, 0, 0],2095,[11.2203, 0, 0, 0]
Gradient Y,[0.561667, 0, 0, 0],1951,[-3.17524, 0, 0, 0]
Valor absoluto Gradient Y,[2.47762, 0, 0, 0],1665,[1.0521, 0, 0, 0]
Sobel,[3.64184, 0, 0, 0],2086,[3.78268, 0, 0, 0]
EyeROI,[65.88, 0, 0, 0],2084,[88.787, 0, 0, 0]
Gradient Y,[0.418571, 0, 0, 0],2023,[4.24443, 0, 0, 0]
Valor absoluto Gradient Y,[4.15762, 0, 0, 0],1816,[4.00766, 0, 0, 0]
Sobel,[8.19117, 0, 0, 0],2096,[10.397, 0, 0, 0]
Gradient Y,[0.148571, 0, 0, 0],1936,[2.49116, 0, 0, 0]
Valor absoluto Gradient Y,[2.13143, 0, 0, 0],1613,[3.39976, 0, 0, 0]
Sobel,[3.24056, 0, 0, 0],2080,[5.31308, 0, 0, 0]
EyeROI,[69.32, 0, 0, 0],2084,[84.4452, 0, 0, 0]
Gradient Y,[0.942143, 0, 0, 0],2002,[5.21866, 0, 0, 0]
Valor absoluto Gradient Y,[3.91238, 0, 0, 0],1819,[7.59137, 0, 0, 0]
Sobel,[7.60463, 0, 0, 0],2092,[12.9836, 0, 0, 0]
Gradient Y,[0.44119, 0, 0, 0],1938,[-0.421964, 0, 0, 0]
Valor absoluto Gradient Y,[2.32429, 0, 0, 0],1653,[1.62469, 0, 0, 0]
Sobel,[3.48484, 0, 0, 0],2089,[2.69125, 0, 0, 0]
EyeROI,[69.0476, 0, 0, 0],2084,[84.7805, 0, 0, 0]
Gradient Y,[0.646429, 0, 0, 0],1979,[7.54865, 0, 0, 0]
Valor absoluto Gradient Y,[4.03, 0, 0, 0],1811,[5.47766, 0, 0, 0]
Sobel,[7.98451, 0, 0, 0],2087,[12.7676, 0, 0, 0]
nombre,mean,countNonZero,dft mean,
Gradient Y,[0.114286, 0, 0, 0],1563,[0.300211, 0, 0, 0]
Valor absoluto Gradient Y,[1.27381, 0, 0, 0],1256,[1.67977, 0, 0, 0]
Sobel,[2.04491, 0, 0, 0],1855,[2.53179, 0, 0, 0]
EyeROI,[12.5943, 0, 0, 0],2081,[18.996, 0, 0, 0]
Gradient Y,[-0.114048, 0, 0, 0],1867,[2.7727, 0, 0, 0]
Valor absoluto Gradient Y,[2.3681, 0, 0, 0],1566,[2.10281, 0, 0, 0]
Sobel,[3.88853, 0, 0, 0],2078,[6.31089, 0, 0, 0]
Gradient Y,[0.0295238, 0, 0, 0],1863,[-2.33788, 0, 0, 0]
Valor absoluto Gradient Y,[1.61619, 0, 0, 0],1495,[3.88255, 0, 0, 0]
Sobel,[2.59193, 0, 0, 0],2066,[5.59821, 0, 0, 0]
EyeROI,[14.0552, 0, 0, 0],2083,[28.8649, 0, 0, 0]
Gradient Y,[-0.0364286, 0, 0, 0],1984,[4.39202, 0, 0, 0]
Valor absoluto Gradient Y,[3.53476, 0, 0, 0],1781,[0.546502, 0, 0, 0]
Sobel,[5.76695, 0, 0, 0],2095,[5.86168, 0, 0, 0]
Gradient Y,[-0.0964286, 0, 0, 0],1926,[1.64522, 0, 0, 0]
Valor absoluto Gradient Y,[2.73619, 0, 0, 0],1674,[1.48445, 0, 0, 0]
Sobel,[4.06896, 0, 0, 0],2077,[3.17457, 0, 0, 0]
EyeROI,[54.159, 0, 0, 0],2084,[79.8235, 0, 0, 0]
Gradient Y,[-0.350238, 0, 0, 0],2005,[10.5449, 0, 0, 0]
Valor absoluto Gradient Y,[5.21286, 0, 0, 0],1870,[11.2119, 0, 0, 0]
Sobel,[8.32467, 0, 0, 0],2091,[23.3834, 0, 0, 0]
Gradient Y,[0.0652381, 0, 0, 0],1941,[-1.26766, 0, 0, 0]
Valor absoluto Gradient Y,[2.66952, 0, 0, 0],1689,[2.12978, 0, 0, 0]
Sobel,[4.02305, 0, 0, 0],2085,[3.42247, 0, 0, 0]
EyeROI,[56.1295, 0, 0, 0],2084,[87.1596, 0, 0, 0]
Gradient Y,[-0.326429, 0, 0, 0],2010,[7.28504, 0, 0, 0]
Valor absoluto Gradient Y,[5.27333, 0, 0, 0],1871,[6.25495, 0, 0, 0]
Sobel,[8.24623, 0, 0, 0],2094,[16.4743, 0, 0, 0]
Gradient Y,[0.115349, 0, 0, 0],1946,[-3.52181, 0, 0, 0]
Valor absoluto Gradient Y,[2.61628, 0, 0, 0],1695,[0.437923, 0, 0, 0]
Sobel,[4.31104, 0, 0, 0],2130,[3.15438, 0, 0, 0]
EyeROI,[61.1991, 0, 0, 0],2134,[88.8878, 0, 0, 0]
Gradient Y,[-0.062093, 0, 0, 0],2019,[12.3236, 0, 0, 0]
Valor absoluto Gradient Y,[5.22093, 0, 0, 0],1885,[4.78693, 0, 0, 0]
Sobel,[8.44077, 0, 0, 0],2139,[15.5044, 0, 0, 0]
Gradient Y,[0.0711905, 0, 0, 0],1930,[0.18307, 0, 0, 0]
Valor absoluto Gradient Y,[2.68714, 0, 0, 0],1692,[1.36086, 0, 0, 0]
Sobel,[4.1825, 0, 0, 0],2088,[2.39466, 0, 0, 0]
EyeROI,[58.311, 0, 0, 0],2084,[86.7387, 0, 0, 0]
Gradient Y,[-0.240952, 0, 0, 0],1990,[8.04432, 0, 0, 0]
Valor absoluto Gradient Y,[5.22667, 0, 0, 0],1855,[4.88051, 0, 0, 0]
Sobel,[8.52886, 0, 0, 0],2093,[12.9014, 0, 0, 0]
Gradient Y,[-0.132619, 0, 0, 0],1948,[3.2735, 0, 0, 0]
Valor absoluto Gradient Y,[2.73476, 0, 0, 0],1705,[2.28681, 0, 0, 0]
Sobel,[4.11203, 0, 0, 0],2086,[3.8362, 0, 0, 0]
EyeROI,[56.9286, 0, 0, 0],2084,[81.658, 0, 0, 0]
Gradient Y,[-0.385952, 0, 0, 0],1981,[7.38387, 0, 0, 0]
Valor absoluto Gradient Y,[5.13905, 0, 0, 0],1850,[8.03511, 0, 0, 0]
Sobel,[8.27501, 0, 0, 0],2084,[16.7309, 0, 0, 0]
Gradient Y,[-0.0507143, 0, 0, 0],1940,[-1.17826, 0, 0, 0]
Valor absoluto Gradient Y,[2.80286, 0, 0, 0],1683,[2.16112, 0, 0, 0]
Sobel,[4.33025, 0, 0, 0],2082,[3.50506, 0, 0, 0]
EyeROI,[58.7071, 0, 0, 0],2084,[90.7127, 0, 0, 0]
Gradient Y,[-0.401905, 0, 0, 0],2030,[8.319, 0, 0, 0]
Valor absoluto Gradient Y,[5.23762, 0, 0, 0],1869,[6.81811, 0, 0, 0]
Sobel,[8.40671, 0, 0, 0],2097,[14.6782, 0, 0, 0]
Gradient Y,[-0.174651, 0, 0, 0],1983,[0.447893, 0, 0, 0]
Valor absoluto Gradient Y,[2.65814, 0, 0, 0],1738,[2.97912, 0, 0, 0]
Sobel,[3.86095, 0, 0, 0],2135,[3.99262, 0, 0, 0]
EyeROI,[56.4512, 0, 0, 0],2134,[81.2829, 0, 0, 0]
Gradient Y,[-0.387907, 0, 0, 0],2045,[4.70435, 0, 0, 0]
Valor absoluto Gradient Y,[4.85442, 0, 0, 0],1891,[6.40151, 0, 0, 0]
Sobel,[7.84158, 0, 0, 0],2144,[15.7764, 0, 0, 0]
Gradient Y,[-0.184286, 0, 0, 0],1914,[2.77444, 0, 0, 0]
Valor absoluto Gradient Y,[2.81905, 0, 0, 0],1693,[1.0866, 0, 0, 0]
Sobel,[4.17114, 0, 0, 0],2083,[3.91005, 0, 0, 0]
EyeROI,[57.5281, 0, 0, 0],2084,[80.7022, 0, 0, 0]
Gradient Y,[-0.357143, 0, 0, 0],1989,[5.56653, 0, 0, 0]
Valor absoluto Gradient Y,[5.03714, 0, 0, 0],1828,[6.47025, 0, 0, 0]
Sobel,[8.44643, 0, 0, 0],2094,[13.0531, 0, 0, 0]
Gradient Y,[-0.234048, 0, 0, 0],1953,[2.55272, 0, 0, 0]
Valor absoluto Gradient Y,[2.87333, 0, 0, 0],1699,[2.46301, 0, 0, 0]
Sobel,[4.2851, 0, 0, 0],2086,[3.11339, 0, 0, 0]
EyeROI,[57.3762, 0, 0, 0],2084,[83.1802, 0, 0, 0]
Gradient Y,[-0.490476, 0, 0, 0],1998,[7.7151, 0, 0, 0]
Valor absoluto Gradient Y,[5.0919, 0, 0, 0],1854,[9.06446, 0, 0, 0]
Sobel,[8.19139, 0, 0, 0],2091,[20.8038, 0, 0, 0]
Gradient Y,[-0.26814, 0, 0, 0],2008,[-2.37718, 0, 0, 0]
Valor absoluto Gradient Y,[2.92047, 0, 0, 0],1759,[2.35182, 0, 0, 0]
Sobel,[4.23498, 0, 0, 0],2136,[3.32031, 0, 0, 0]
EyeROI,[56.4344, 0, 0, 0],2134,[86.861, 0, 0, 0]
Gradient Y,[-0.392093, 0, 0, 0],2038,[6.29064, 0, 0, 0]
Valor absoluto Gradient Y,[5.01628, 0, 0, 0],1867,[11.7099, 0, 0, 0]
Sobel,[8.30189, 0, 0, 0],2142,[19.3138, 0, 0, 0]
Gradient Y,[-0.230476, 0, 0, 0],1965,[3.383, 0, 0, 0]
Valor absoluto Gradient Y,[3.00143, 0, 0, 0],1740,[1.21306, 0, 0, 0]
Sobel,[4.30578, 0, 0, 0],2087,[2.27922, 0, 0, 0]
EyeROI,[60.4805, 0, 0, 0],2084,[82.7946, 0, 0, 0]
Gradient Y,[-0.446429, 0, 0, 0],2006,[9.88353, 0, 0, 0]
Valor absoluto Gradient Y,[5.40095, 0, 0, 0],1843,[9.72161, 0, 0, 0]
Sobel,[8.30777, 0, 0, 0],2093,[22.4659, 0, 0, 0]
Gradient Y,[-0.190714, 0, 0, 0],1925,[-0.337763, 0, 0, 0]
Valor absoluto Gradient Y,[2.87905, 0, 0, 0],1713,[2.38019, 0, 0, 0]
Sobel,[4.15964, 0, 0, 0],2076,[3.71566, 0, 0, 0]
EyeROI,[61.9029, 0, 0, 0],2084,[88.8056, 0, 0, 0]
Gradient Y,[-0.54881, 0, 0, 0],2008,[5.61609, 0, 0, 0]
Valor absoluto Gradient Y,[5.25571, 0, 0, 0],1859,[4.50014, 0, 0, 0]
Sobel,[7.91696, 0, 0, 0],2095,[12.265, 0, 0, 0]
Gradient Y,[-0.257442, 0, 0, 0],1995,[3.6595, 0, 0, 0]
Valor absoluto Gradient Y,[2.87163, 0, 0, 0],1723,[1.14033, 0, 0, 0]
Sobel,[4.08764, 0, 0, 0],2132,[3.03885, 0, 0, 0]
EyeROI,[60.0093, 0, 0, 0],2134,[79.6116, 0, 0, 0]
Gradient Y,[-0.56907, 0, 0, 0],2039,[8.71292, 0, 0, 0]
Valor absoluto Gradient Y,[5.24186, 0, 0, 0],1873,[8.92309, 0, 0, 0]
Sobel,[7.87725, 0, 0, 0],2142,[17.8644, 0, 0, 0]
Gradient Y,[-0.295714, 0, 0, 0],1952,[1.40736, 0, 0, 0]
Valor absoluto Gradient Y,[3.04714, 0, 0, 0],1718,[1.38481, 0, 0, 0]
Sobel,[4.36849, 0, 0, 0],2091,[3.58918, 0, 0, 0]
EyeROI,[60.8533, 0, 0, 0],2085,[80.6757, 0, 0, 0]
Gradient Y,[-0.526667, 0, 0, 0],2013,[6.18623, 0, 0, 0]
Valor absoluto Gradient Y,[5.44714, 0, 0, 0],1855,[6.56978, 0, 0, 0]
Sobel,[8.13871, 0, 0, 0],2097,[17.9591, 0, 0, 0]
Gradient Y,[-0.227209, 0, 0, 0],1979,[-0.44081, 0, 0, 0]
Valor absoluto Gradient Y,[2.87907, 0, 0, 0],1715,[2.08764, 0, 0, 0]
Sobel,[4.14886, 0, 0, 0],2142,[2.91682, 0, 0, 0]
EyeROI,[59.2349, 0, 0, 0],2140,[82.1305, 0, 0, 0]
Gradient Y,[-0.448605, 0, 0, 0],2071,[5.49145, 0, 0, 0]
Valor absoluto Gradient Y,[5.36791, 0, 0, 0],1935,[6.72024, 0, 0, 0]
Sobel,[8.02554, 0, 0, 0],2141,[10.9222, 0, 0, 0]
Gradient Y,[-0.08, 0, 0, 0],1946,[0.443581, 0, 0, 0]
Valor absoluto Gradient Y,[2.81714, 0, 0, 0],1714,[1.46874, 0, 0, 0]
Sobel,[4.0568, 0, 0, 0],2084,[3.67915, 0, 0, 0]
EyeROI,[54.8652, 0, 0, 0],2084,[77.8743, 0, 0, 0]
Gradient Y,[-0.443571, 0, 0, 0],1989,[2.97228, 0, 0, 0]
Valor absoluto Gradient Y,[5.03429, 0, 0, 0],1820,[5.65577, 0, 0, 0]
Sobel,[8.17233, 0, 0, 0],2095,[15.2937, 0, 0, 0]
Gradient Y,[0.037907, 0, 0, 0],1966,[-0.603312, 0, 0, 0]
Valor absoluto Gradient Y,[2.66186, 0, 0, 0],1690,[3.39036, 0, 0, 0]
Sobel,[3.9566, 0, 0, 0],2129,[3.94203, 0, 0, 0]
EyeROI,[55.6, 0, 0, 0],2134,[84.9047, 0, 0, 0]
Gradient Y,[-0.329302, 0, 0, 0],2041,[8.96169, 0, 0, 0]
Valor absoluto Gradient Y,[5.06093, 0, 0, 0],1873,[5.07463, 0, 0, 0]
Sobel,[8.21237, 0, 0, 0],2142,[12.2576, 0, 0, 0]
Gradient Y,[-0.0330233, 0, 0, 0],1979,[2.11033, 0, 0, 0]
Valor absoluto Gradient Y,[2.81814, 0, 0, 0],1733,[4.87272, 0, 0, 0]
Sobel,[4.11779, 0, 0, 0],2135,[6.34652, 0, 0, 0]
EyeROI,[54.6819, 0, 0, 0],2134,[78.9963, 0, 0, 0]
Gradient Y,[-0.412093, 0, 0, 0],2042,[5.09975, 0, 0, 0]
Valor absoluto Gradient Y,[4.96698, 0, 0, 0],1869,[4.31316, 0, 0, 0]
Sobel,[8.05276, 0, 0, 0],2144,[16.4555, 0, 0, 0]
Gradient Y,[-0.03, 0, 0, 0],1959,[0.467332, 0, 0, 0]
Valor absoluto Gradient Y,[2.67762, 0, 0, 0],1725,[1.75218, 0, 0, 0]
Sobel,[4.01979, 0, 0, 0],2079,[2.37757, 0, 0, 0]
EyeROI,[56.5133, 0, 0, 0],2084,[81.597, 0, 0, 0]
Gradient Y,[-0.678571, 0, 0, 0],2015,[8.6163, 0, 0, 0]
Valor absoluto Gradient Y,[5.03667, 0, 0, 0],1900,[6.46361, 0, 0, 0]
Sobel,[7.81935, 0, 0, 0],2096,[18.631, 0, 0, 0]
Gradient Y,[-0.265714, 0, 0, 0],1930,[2.14306, 0, 0, 0]
Valor absoluto Gradient Y,[2.7519, 0, 0, 0],1686,[0.358617, 0, 0, 0]
Sobel,[4.08592, 0, 0, 0],2086,[2.3752, 0, 0, 0]
EyeROI,[56.2819, 0, 0, 0],2084,[80.6943, 0, 0, 0]
Gradient Y,[-0.552143, 0, 0, 0],1972,[8.46138, 0, 0, 0]
Valor absoluto Gradient Y,[4.77143, 0, 0, 0],1806,[8.31554, 0, 0, 0]
Sobel,[7.78052, 0, 0, 0],2094,[13.2926, 0, 0, 0]
Gradient Y,[-0.381395, 0, 0, 0],1988,[1.91681, 0, 0, 0]
Valor absoluto Gradient Y,[2.75302, 0, 0, 0],1751,[1.27414, 0, 0, 0]
Sobel,[4.41954, 0, 0, 0],2145,[3.55641, 0, 0, 0]
EyeROI,[62.3233, 0, 0, 0],2134,[82.0252, 0, 0, 0]
Gradient Y,[-0.583256, 0, 0, 0],2045,[5.45215, 0, 0, 0]
Valor absoluto Gradient Y,[4.94279, 0, 0, 0],1873,[3.67784, 0, 0, 0]
Sobel,[7.69695, 0, 0, 0],2149,[8.7925, 0, 0, 0]
Gradient Y,[-0.437442, 0, 0, 0],1979,[1.351, 0, 0, 0]
Valor absoluto Gradient Y,[2.76512, 0, 0, 0],1735,[0.420095, 0, 0, 0]
Sobel,[4.19088, 0, 0, 0],2138,[3.16517, 0, 0, 0]
EyeROI,[59.0014, 0, 0, 0],2134,[77.8361, 0, 0, 0]
Gradient Y,[-0.659767, 0, 0, 0],2048,[9.56493, 0, 0, 0]
Valor absoluto Gradient Y,[4.84419, 0, 0, 0],1899,[8.49985, 0, 0, 0]
Sobel,[7.44845, 0, 0, 0],2141,[17.9107, 0, 0, 0]
Gradient Y,[-0.388605, 0, 0, 0],2045,[1.99703, 0, 0, 0]
Valor absoluto Gradient Y,[4.41256, 0, 0, 0],1884,[2.34524, 0, 0, 0]
Sobel,[6.36253, 0, 0, 0],2139,[4.41268, 0, 0, 0]
EyeROI,[71.8647, 0, 0, 0],2134,[92.4439, 0, 0, 0]
Gradient Y,[-0.821163, 0, 0, 0],2055,[3.51117, 0, 0, 0]
Valor absoluto Gradient Y,[4.82884, 0, 0, 0],1878,[3.97466, 0, 0, 0]
Sobel,[6.65556, 0, 0, 0],2141,[7.07975, 0, 0, 0]
Gradient Y,[-0.48119, 0, 0, 0],1997,[3.17752, 0, 0, 0]
Valor absoluto Gradient Y,[4.40143, 0, 0, 0],1814,[2.66076, 0, 0, 0]
Sobel,[6.28711, 0, 0, 0],2090,[5.53109, 0, 0, 0]
EyeROI,[66.361, 0, 0, 0],2084,[82.5596, 0, 0, 0]
Gradient Y,[-0.709762, 0, 0, 0],2007,[2.77057, 0, 0, 0]
Valor absoluto Gradient Y,[5.2819, 0, 0, 0],1895,[5.6984, 0, 0, 0]
Sobel,[7.34033, 0, 0, 0],2094,[8.0006, 0, 0, 0]
Gradient Y,[-0.104419, 0, 0, 0],2026,[2.00832, 0, 0, 0]
Valor absoluto Gradient Y,[4.46744, 0, 0, 0],1850,[1.86167, 0, 0, 0]
Sobel,[6.55554, 0, 0, 0],2144,[3.83758, 0, 0, 0]
EyeROI,[69.954, 0, 0, 0],2134,[89.979, 0, 0, 0]
Gradient Y,[-0.631628, 0, 0, 0],2061,[6.09668, 0, 0, 0]
Valor absoluto Gradient Y,[5.33302, 0, 0, 0],1913,[3.17848, 0, 0, 0]
Sobel,[7.53194, 0, 0, 0],2145,[5.83191, 0, 0, 0]
Gradient Y,[-0.180476, 0, 0, 0],2002,[-0.547635, 0, 0, 0]
Valor absoluto Gradient Y,[4.47, 0, 0, 0],1820,[4.12458, 0, 0, 0]
Sobel,[6.56538, 0, 0, 0],2094,[6.39475, 0, 0, 0]
EyeROI,[72.6952, 0, 0, 0],2089,[93.9247, 0, 0, 0]
Gradient Y,[-0.97, 0, 0, 0],2021,[8.22357, 0, 0, 0]
Valor absoluto Gradient Y,[5.48619, 0, 0, 0],1877,[5.65554, 0, 0, 0]
Sobel,[7.5419, 0, 0, 0],2092,[10.0893, 0, 0, 0]
Gradient Y,[0.00761905, 0, 0, 0],1965,[2.02578, 0, 0, 0]
Valor absoluto Gradient Y,[2.60905, 0, 0, 0],1684,[0.56752, 0, 0, 0]
Sobel,[4.33369, 0, 0, 0],2092,[2.34701, 0, 0, 0]
EyeROI,[63.9576, 0, 0, 0],2084,[90.8546, 0, 0, 0]
Gradient Y,[-0.880714, 0, 0, 0],2007,[4.61357, 0, 0, 0]
Valor absoluto Gradient Y,[4.78571, 0, 0, 0],1828,[2.8678, 0, 0, 0]
Sobel,[7.12293, 0, 0, 0],2099,[10.3172, 0, 0, 0]
Gradient Y,[-0.278333, 0, 0, 0],1934,[1.46673, 0, 0, 0]
Valor absoluto Gradient Y,[2.61238, 0, 0, 0],1676,[0.921951, 0, 0, 0]
Sobel,[4.20854, 0, 0, 0],2085,[2.80442, 0, 0, 0]
EyeROI,[61.8705, 0, 0, 0],2089,[87.1322, 0, 0, 0]
Gradient Y,[-1.10548, 0, 0, 0],1991,[7.96956, 0, 0, 0]
Valor absoluto Gradient Y,[4.72, 0, 0, 0],1827,[6.56425, 0, 0, 0]
Sobel,[7.01038, 0, 0, 0],2093,[11.1172, 0, 0, 0]
Gradient Y,[0.205714, 0, 0, 0],1917,[0.330491, 0, 0, 0]
Valor absoluto Gradient Y,[2.36571, 0, 0, 0],1651,[1.71959, 0, 0, 0]
Sobel,[3.84547, 0, 0, 0],2079,[3.36879, 0, 0, 0]
EyeROI,[58.1324, 0, 0, 0],2084,[84.6385, 0, 0, 0]
Gradient Y,[-0.441667, 0, 0, 0],2014,[4.9746, 0, 0, 0]
Valor absoluto Gradient Y,[5.00952, 0, 0, 0],1855,[4.17769, 0, 0, 0]
Sobel,[7.61401, 0, 0, 0],2092,[7.22244, 0, 0, 0]
Gradient Y,[0.184762, 0, 0, 0],1880,[-1.36029, 0, 0, 0]
Valor absoluto Gradient Y,[2.33857, 0, 0, 0],1586,[2.32619, 0, 0, 0]
Sobel,[4.12522, 0, 0, 0],2086,[4.41485, 0, 0, 0]
EyeROI,[64.4267, 0, 0, 0],2085,[95.3969, 0, 0, 0]
Gradient Y,[-0.194762, 0, 0, 0],2030,[7.39816, 0, 0, 0]
Valor absoluto Gradient Y,[4.99714, 0, 0, 0],1880,[1.21851, 0, 0, 0]
Sobel,[7.60268, 0, 0, 0],2095,[5.00211, 0, 0, 0]
Gradient Y,[0.202558, 0, 0, 0],1957,[-1.58527, 0, 0, 0]
Valor absoluto Gradient Y,[2.4586, 0, 0, 0],1688,[2.78116, 0, 0, 0]
Sobel,[3.67819, 0, 0, 0],2129,[3.27216, 0, 0, 0]
EyeROI,[57.0349, 0, 0, 0],2134,[85.1041, 0, 0, 0]
Gradient Y,[-0.373488, 0, 0, 0],2068,[4.18072, 0, 0, 0]
Valor absoluto Gradient Y,[4.99535, 0, 0, 0],1919,[2.34059, 0, 0, 0]
Sobel,[7.6752, 0, 0, 0],2141,[5.77775, 0, 0, 0]
Gradient Y,[0.118372, 0, 0, 0],1957,[-1.18758, 0, 0, 0]
Valor absoluto Gradient Y,[2.38837, 0, 0, 0],1703,[1.66634, 0, 0, 0]
Sobel,[3.63646, 0, 0, 0],2127,[2.21103, 0, 0, 0]
EyeROI,[56.8465, 0, 0, 0],2134,[82.2262, 0, 0, 0]
Gradient Y,[-0.342791, 0, 0, 0],2066,[6.02638, 0, 0, 0]
Valor absoluto Gradient Y,[5.00465, 0, 0, 0],1910,[2.12125, 0, 0, 0]
Sobel,[7.72674, 0, 0, 0],2144,[5.28737, 0, 0, 0]
Gradient Y,[0.125714, 0, 0, 0],1887,[-1.48497, 0, 0, 0]
Valor absoluto Gradient Y,[2.44048, 0, 0, 0],1631,[2.94965, 0, 0, 0]
Sobel,[3.86829, 0, 0, 0],2082,[3.35771, 0, 0, 0]
EyeROI,[56.859, 0, 0, 0],2084,[84.7575, 0, 0, 0]
Gradient Y,[-0.484762, 0, 0, 0],2002,[3.82617, 0, 0, 0]
Valor absoluto Gradient Y,[4.98143, 0, 0, 0],1852,[3.16215, 0, 0, 0]
Sobel,[7.56121, 0, 0, 0],2093,[6.29204, 0, 0, 0]
Gradient Y,[0.138095, 0, 0, 0],1918,[-0.704233, 0, 0, 0]
Valor absoluto Gradient Y,[2.67667, 0, 0, 0],1654,[0.574736, 0, 0, 0]
Sobel,[4.0378, 0, 0, 0],2084,[2.60238, 0, 0, 0]
EyeROI,[57.291, 0, 0, 0],2084,[82.5847, 0, 0, 0]
Gradient Y,[-0.495, 0, 0, 0],1992,[4.18488, 0, 0, 0]
Valor absoluto Gradient Y,[5.13952, 0, 0, 0],1843,[5.48171, 0, 0, 0]
Sobel,[7.78032, 0, 0, 0],2091,[7.90419, 0, 0, 0]
Gradient Y,[0.0728571, 0, 0, 0],1907,[1.76663, 0, 0, 0]
Valor absoluto Gradient Y,[2.45571, 0, 0, 0],1629,[1.03972, 0, 0, 0]
Sobel,[4.06733, 0, 0, 0],2083,[4.59224, 0, 0, 0]
EyeROI,[61.8562, 0, 0, 0],2089,[91.4305, 0, 0, 0]
Gradient Y,[-0.739762, 0, 0, 0],1977,[4.49682, 0, 0, 0]
Valor absoluto Gradient Y,[5.02524, 0, 0, 0],1840,[3.5206, 0, 0, 0]
Sobel,[7.59104, 0, 0, 0],2095,[6.54331, 0, 0, 0]
Gradient Y,[0.145952, 0, 0, 0],1872,[-1.51732, 0, 0, 0]
Valor absoluto Gradient Y,[2.35333, 0, 0, 0],1614,[3.02208, 0, 0, 0]
Sobel,[3.94561, 0, 0, 0],2091,[4.18012, 0, 0, 0]
EyeROI,[61.049, 0, 0, 0],2084,[89.0085, 0, 0, 0]
Gradient Y,[-0.529286, 0, 0, 0],1988,[6.2513, 0, 0, 0]
Valor absoluto Gradient Y,[4.81571, 0, 0, 0],1836,[2.44679, 0, 0, 0]
Sobel,[7.3753, 0, 0, 0],2095,[5.99725, 0, 0, 0]
Gradient Y,[0.167143, 0, 0, 0],1949,[0.530003, 0, 0, 0]
Valor absoluto Gradient Y,[2.58048, 0, 0, 0],1696,[4.30036, 0, 0, 0]
Sobel,[3.8452, 0, 0, 0],2089,[4.96652, 0, 0, 0]
EyeROI,[56.7114, 0, 0, 0],2084,[79.7575, 0, 0, 0]
Gradient Y,[-0.385714, 0, 0, 0],2017,[6.13785, 0, 0, 0]
Valor absoluto Gradient Y,[4.86667, 0, 0, 0],1842,[3.65121, 0, 0, 0]
Sobel,[7.24101, 0, 0, 0],2093,[6.36367, 0, 0, 0]
Gradient Y,[0.124048, 0, 0, 0],1310,[-1.00542, 0, 0, 0]
Valor absoluto Gradient Y,[0.424762, 0, 0, 0],636,[0.772356, 0, 0, 0]
Sobel,[0.849746, 0, 0, 0],1729,[0.899754, 0, 0, 0]
EyeROI,[163.579, 0, 0, 0],2084,[166.166, 0, 0, 0]
Gradient Y,[0.0890476, 0, 0, 0],1236,[1.09333, 0, 0, 0]
Valor absoluto Gradient Y,[0.425714, 0, 0, 0],610,[0.346514, 0, 0, 0]
Sobel,[0.863294, 0, 0, 0],1673,[0.65632, 0, 0, 0]
nombre,mean,countNonZero,dft mean,
Gradient Y,[0.0640476, 0, 0, 0],1899,[-0.622884, 0, 0, 0]
Valor absoluto Gradient Y,[1.83095, 0, 0, 0],1565,[1.17362, 0, 0, 0]
Sobel,[2.79558, 0, 0, 0],2083,[1.46382, 0, 0, 0]
EyeROI,[62.041, 0, 0, 0],2084,[76.7061, 0, 0, 0]
Gradient Y,[-0.349762, 0, 0, 0],1965,[3.62936, 0, 0, 0]
Valor absoluto Gradient Y,[2.89333, 0, 0, 0],1720,[2.18788, 0, 0, 0]
Sobel,[4.54183, 0, 0, 0],2090,[3.18677, 0, 0, 0]
Gradient Y,[1.73095, 0, 0, 0],1972,[2.38093, 0, 0, 0]
Valor absoluto Gradient Y,[3.1581, 0, 0, 0],1786,[4.06048, 0, 0, 0]
Sobel,[4.39134, 0, 0, 0],2095,[5.4622, 0, 0, 0]
EyeROI,[100.19, 0, 0, 0],2089,[125.881, 0, 0, 0]
Gradient Y,[1.465, 0, 0, 0],2029,[0.173894, 0, 0, 0]
Valor absoluto Gradient Y,[5.42476, 0, 0, 0],1899,[2.72792, 0, 0, 0]
Sobel,[9.05457, 0, 0, 0],2091,[6.394, 0, 0, 0]
Gradient Y,[-0.66881, 0, 0, 0],1915,[0.969693, 0, 0, 0]
Valor absoluto Gradient Y,[2.10143, 0, 0, 0],1625,[-0.0581185, 0, 0, 0]
Sobel,[3.53138, 0, 0, 0],2073,[1.71583, 0, 0, 0]
EyeROI,[65.1071, 0, 0, 0],2085,[78.0796, 0, 0, 0]
Gradient Y,[-0.368571, 0, 0, 0],1964,[7.06126, 0, 0, 0]
Valor absoluto Gradient Y,[3.45, 0, 0, 0],1785,[1.16538, 0, 0, 0]
Sobel,[5.78805, 0, 0, 0],2090,[3.94691, 0, 0, 0]
Gradient Y,[-0.551429, 0, 0, 0],1946,[3.3945, 0, 0, 0]
Valor absoluto Gradient Y,[2.7419, 0, 0, 0],1690,[-0.210424, 0, 0, 0]
Sobel,[4.41149, 0, 0, 0],2087,[0.496669, 0, 0, 0]
EyeROI,[66.3457, 0, 0, 0],2084,[83.4919, 0, 0, 0]
Gradient Y,[-0.205238, 0, 0, 0],2004,[8.38108, 0, 0, 0]
Valor absoluto Gradient Y,[4.64571, 0, 0, 0],1845,[-2.95652, 0, 0, 0]
Sobel,[7.22284, 0, 0, 0],2093,[0.327499, 0, 0, 0]
Gradient Y,[-0.687381, 0, 0, 0],1956,[1.51087, 0, 0, 0]
Valor absoluto Gradient Y,[3.04095, 0, 0, 0],1737,[1.15143, 0, 0, 0]
Sobel,[4.61784, 0, 0, 0],2089,[1.99191, 0, 0, 0]
EyeROI,[64.7905, 0, 0, 0],2089,[81.9606, 0, 0, 0]
Gradient Y,[-0.420714, 0, 0, 0],2009,[9.54745, 0, 0, 0]
Valor absoluto Gradient Y,[5.25952, 0, 0, 0],1855,[1.71229, 0, 0, 0]
Sobel,[7.89095, 0, 0, 0],2096,[4.61765, 0, 0, 0]
Gradient Y,[-0.685476, 0, 0, 0],1945,[1.25951, 0, 0, 0]
Valor absoluto Gradient Y,[2.62905, 0, 0, 0],1725,[1.5472, 0, 0, 0]
Sobel,[3.98979, 0, 0, 0],2087,[3.86497, 0, 0, 0]
EyeROI,[64.5005, 0, 0, 0],2084,[76.146, 0, 0, 0]
Gradient Y,[-0.424048, 0, 0, 0],1974,[6.4477, 0, 0, 0]
Valor absoluto Gradient Y,[4.24905, 0, 0, 0],1800,[0.448135, 0, 0, 0]
Sobel,[6.51124, 0, 0, 0],2092,[4.34168, 0, 0, 0]
Gradient Y,[-0.678333, 0, 0, 0],1975,[1.99882, 0, 0, 0]
Valor absoluto Gradient Y,[2.4619, 0, 0, 0],1727,[1.34559, 0, 0, 0]
Sobel,[3.96156, 0, 0, 0],2090,[4.25084, 0, 0, 0]
EyeROI,[62.1905, 0, 0, 0],2084,[74.8908, 0, 0, 0]
Gradient Y,[-0.196905, 0, 0, 0],1972,[6.72786, 0, 0, 0]
Valor absoluto Gradient Y,[3.78333, 0, 0, 0],1760,[-1.42457, 0, 0, 0]
Sobel,[6.01774, 0, 0, 0],2092,[1.83621, 0, 0, 0]
Gradient Y,[-0.665349, 0, 0, 0],2023,[0.773892, 0, 0, 0]
Valor absoluto Gradient Y,[2.96837, 0, 0, 0],1778,[0.994735, 0, 0, 0]
Sobel,[4.50345, 0, 0, 0],2141,[2.10744, 0, 0, 0]
EyeROI,[58.84, 0, 0, 0],2134,[76.5519, 0, 0, 0]
Gradient Y,[-0.155814, 0, 0, 0],2049,[7.02261, 0, 0, 0]
Valor absoluto Gradient Y,[5.17023, 0, 0, 0],1897,[-1.09014, 0, 0, 0]
Sobel,[7.92645, 0, 0, 0],2147,[3.24841, 0, 0, 0]
nombre,mean,countNonZero,dft mean,
Gradient Y,[0.0576744, 0, 0, 0],1288,[0.309088, 0, 0, 0]
Valor absoluto Gradient Y,[0.734419, 0, 0, 0],943,[0.270668, 0, 0, 0]
Sobel,[0.994722, 0, 0, 0],1526,[1.17368, 0, 0, 0]
EyeROI,[6.78, 0, 0, 0],2131,[8.87726, 0, 0, 0]
Gradient Y,[-0.0781395, 0, 0, 0],1605,[1.52367, 0, 0, 0]
Valor absoluto Gradient Y,[1.37256, 0, 0, 0],1249,[-0.0443204, 0, 0, 0]
Sobel,[2.34291, 0, 0, 0],1880,[2.1523, 0, 0, 0]
Gradient Y,[-0.0776744, 0, 0, 0],1554,[-0.112468, 0, 0, 0]
Valor absoluto Gradient Y,[0.967907, 0, 0, 0],1136,[1.04767, 0, 0, 0]
Sobel,[1.49456, 0, 0, 0],1880,[1.33428, 0, 0, 0]
EyeROI,[8.85814, 0, 0, 0],2133,[15.5835, 0, 0, 0]
Gradient Y,[-0.193023, 0, 0, 0],1954,[3.67977, 0, 0, 0]
Valor absoluto Gradient Y,[2.1586, 0, 0, 0],1628,[1.39001, 0, 0, 0]
Sobel,[3.28977, 0, 0, 0],2116,[3.19541, 0, 0, 0]
Gradient Y,[-0.00619048, 0, 0, 0],1766,[1.5099, 0, 0, 0]
Valor absoluto Gradient Y,[1.23048, 0, 0, 0],1291,[3.55691, 0, 0, 0]
Sobel,[2.01192, 0, 0, 0],2026,[4.18935, 0, 0, 0]
EyeROI,[10.4757, 0, 0, 0],2083,[20.4595, 0, 0, 0]
Gradient Y,[0.0892857, 0, 0, 0],1946,[0.95993, 0, 0, 0]
Valor absoluto Gradient Y,[2.54762, 0, 0, 0],1668,[1.14701, 0, 0, 0]
Sobel,[3.97405, 0, 0, 0],2082,[2.85184, 0, 0, 0]
Gradient Y,[-0.00714286, 0, 0, 0],1930,[2.37741, 0, 0, 0]
Valor absoluto Gradient Y,[2.1081, 0, 0, 0],1630,[2.8865, 0, 0, 0]
Sobel,[3.16824, 0, 0, 0],2084,[3.8012, 0, 0, 0]
EyeROI,[24.5533, 0, 0, 0],2084,[42.6291, 0, 0, 0]
Gradient Y,[-0.0616667, 0, 0, 0],1972,[2.91214, 0, 0, 0]
Valor absoluto Gradient Y,[3.26762, 0, 0, 0],1752,[3.17844, 0, 0, 0]
Sobel,[4.96092, 0, 0, 0],2089,[4.8986, 0, 0, 0]
Gradient Y,[-0.00261905, 0, 0, 0],1956,[1.87364, 0, 0, 0]
Valor absoluto Gradient Y,[3.23762, 0, 0, 0],1710,[0.550346, 0, 0, 0]
Sobel,[4.88876, 0, 0, 0],2088,[2.8246, 0, 0, 0]
EyeROI,[81.6138, 0, 0, 0],2089,[115.302, 0, 0, 0]
Gradient Y,[-0.0595238, 0, 0, 0],2012,[6.49258, 0, 0, 0]
Valor absoluto Gradient Y,[4.95905, 0, 0, 0],1851,[2.02012, 0, 0, 0]
Sobel,[7.4283, 0, 0, 0],2096,[7.86739, 0, 0, 0]
Gradient Y,[-0.0445238, 0, 0, 0],1943,[-0.395032, 0, 0, 0]
Valor absoluto Gradient Y,[3.35571, 0, 0, 0],1731,[1.12778, 0, 0, 0]
Sobel,[4.74389, 0, 0, 0],2087,[3.204, 0, 0, 0]
EyeROI,[80.5895, 0, 0, 0],2084,[108.825, 0, 0, 0]
Gradient Y,[-0.167381, 0, 0, 0],1986,[5.31809, 0, 0, 0]
Valor absoluto Gradient Y,[4.85095, 0, 0, 0],1809,[1.33622, 0, 0, 0]
Sobel,[7.28021, 0, 0, 0],2094,[5.83582, 0, 0, 0]
Gradient Y,[0.0107143, 0, 0, 0],1936,[-1.16311, 0, 0, 0]
Valor absoluto Gradient Y,[3.04143, 0, 0, 0],1732,[1.28611, 0, 0, 0]
Sobel,[4.40125, 0, 0, 0],2082,[3.25044, 0, 0, 0]
EyeROI,[78.7924, 0, 0, 0],2084,[108.07, 0, 0, 0]
Gradient Y,[0.0361905, 0, 0, 0],1986,[6.17617, 0, 0, 0]
Valor absoluto Gradient Y,[4.2819, 0, 0, 0],1809,[-1.32671, 0, 0, 0]
Sobel,[6.63948, 0, 0, 0],2097,[2.15815, 0, 0, 0]
Gradient Y,[0.0554762, 0, 0, 0],1979,[1.7662, 0, 0, 0]
Valor absoluto Gradient Y,[3.14333, 0, 0, 0],1744,[0.943837, 0, 0, 0]
Sobel,[4.52163, 0, 0, 0],2091,[3.02824, 0, 0, 0]
EyeROI,[74.761, 0, 0, 0],2084,[104.589, 0, 0, 0]
Gradient Y,[0.191667, 0, 0, 0],1999,[11.1315, 0, 0, 0]
Valor absoluto Gradient Y,[4.91429, 0, 0, 0],1815,[3.45629, 0, 0, 0]
Sobel,[7.42684, 0, 0, 0],2099,[8.13817, 0, 0, 0]
Gradient Y,[0.0611905, 0, 0, 0],1926,[2.45219, 0, 0, 0]
Valor absoluto Gradient Y,[2.3919, 0, 0, 0],1628,[1.57843, 0, 0, 0]
Sobel,[3.58533, 0, 0, 0],2081,[3.61183, 0, 0, 0]
EyeROI,[72.7424, 0, 0, 0],2084,[95.9644, 0, 0, 0]
Gradient Y,[0.0314286, 0, 0, 0],1965,[4.53333, 0, 0, 0]
Valor absoluto Gradient Y,[4.12571, 0, 0, 0],1776,[0.329136, 0, 0, 0]
Sobel,[6.51806, 0, 0, 0],2091,[6.37546, 0, 0, 0]
Gradient Y,[0.0238095, 0, 0, 0],1903,[-0.0108973, 0, 0, 0]
Valor absoluto Gradient Y,[2.47905, 0, 0, 0],1644,[0.217921, 0, 0, 0]
Sobel,[3.49382, 0, 0, 0],2074,[2.24933, 0, 0, 0]
EyeROI,[70.8024, 0, 0, 0],2084,[96.1037, 0, 0, 0]
Gradient Y,[-0.0654762, 0, 0, 0],1963,[6.36512, 0, 0, 0]
Valor absoluto Gradient Y,[4.43762, 0, 0, 0],1770,[2.60603, 0, 0, 0]
Sobel,[7.03629, 0, 0, 0],2090,[7.05647, 0, 0, 0]
Gradient Y,[-0.0535714, 0, 0, 0],1958,[1.28516, 0, 0, 0]
Valor absoluto Gradient Y,[2.90381, 0, 0, 0],1731,[1.59478, 0, 0, 0]
Sobel,[4.17501, 0, 0, 0],2094,[2.5695, 0, 0, 0]
EyeROI,[71.3224, 0, 0, 0],2084,[96.5369, 0, 0, 0]
Gradient Y,[-0.0683333, 0, 0, 0],2006,[5.92432, 0, 0, 0]
Valor absoluto Gradient Y,[4.83333, 0, 0, 0],1864,[3.6547, 0, 0, 0]
Sobel,[7.71114, 0, 0, 0],2096,[7.01399, 0, 0, 0]
Gradient Y,[0.138333, 0, 0, 0],1979,[-0.963038, 0, 0, 0]
Valor absoluto Gradient Y,[3.08095, 0, 0, 0],1746,[2.64139, 0, 0, 0]
Sobel,[4.19317, 0, 0, 0],2088,[4.54425, 0, 0, 0]
EyeROI,[70.929, 0, 0, 0],2084,[100.09, 0, 0, 0]
Gradient Y,[-0.072619, 0, 0, 0],1982,[5.98654, 0, 0, 0]
Valor absoluto Gradient Y,[4.97333, 0, 0, 0],1828,[2.46812, 0, 0, 0]
Sobel,[7.85084, 0, 0, 0],2097,[6.40636, 0, 0, 0]
Gradient Y,[0.0809524, 0, 0, 0],1966,[1.4435, 0, 0, 0]
Valor absoluto Gradient Y,[2.98524, 0, 0, 0],1753,[1.45667, 0, 0, 0]
Sobel,[4.11444, 0, 0, 0],2089,[2.0872, 0, 0, 0]
EyeROI,[70.6662, 0, 0, 0],2084,[97.9596, 0, 0, 0]
Gradient Y,[-0.10881, 0, 0, 0],2027,[5.91269, 0, 0, 0]
Valor absoluto Gradient Y,[5.09, 0, 0, 0],1871,[5.04211, 0, 0, 0]
Sobel,[8.02703, 0, 0, 0],2096,[10.4755, 0, 0, 0]
Gradient Y,[0.0225581, 0, 0, 0],2006,[2.91386, 0, 0, 0]
Valor absoluto Gradient Y,[2.98279, 0, 0, 0],1780,[3.41511, 0, 0, 0]
Sobel,[4.18002, 0, 0, 0],2132,[4.41393, 0, 0, 0]
EyeROI,[72.3023, 0, 0, 0],2134,[99.2751, 0, 0, 0]
Gradient Y,[-0.0637209, 0, 0, 0],2057,[4.8211, 0, 0, 0]
Valor absoluto Gradient Y,[4.79767, 0, 0, 0],1889,[3.55416, 0, 0, 0]
Sobel,[7.62528, 0, 0, 0],2143,[8.21165, 0, 0, 0]
Gradient Y,[0.158372, 0, 0, 0],1974,[-1.57278, 0, 0, 0]
Valor absoluto Gradient Y,[2.89721, 0, 0, 0],1751,[2.68003, 0, 0, 0]
Sobel,[3.99464, 0, 0, 0],2133,[4.32403, 0, 0, 0]
EyeROI,[71.7051, 0, 0, 0],2134,[101.72, 0, 0, 0]
Gradient Y,[-0.0893023, 0, 0, 0],2049,[7.75721, 0, 0, 0]
Valor absoluto Gradient Y,[4.82, 0, 0, 0],1881,[1.0013, 0, 0, 0]
Sobel,[7.7159, 0, 0, 0],2143,[5.07202, 0, 0, 0]
Gradient Y,[0.198571, 0, 0, 0],1934,[-4.11994, 0, 0, 0]
Valor absoluto Gradient Y,[2.98905, 0, 0, 0],1709,[4.71561, 0, 0, 0]
Sobel,[4.19492, 0, 0, 0],2080,[5.40932, 0, 0, 0]
EyeROI,[71.5848, 0, 0, 0],2084,[103.559, 0, 0, 0]
Gradient Y,[-0.09, 0, 0, 0],1999,[5.78665, 0, 0, 0]
Valor absoluto Gradient Y,[4.91476, 0, 0, 0],1876,[-0.0988268, 0, 0, 0]
Sobel,[7.85756, 0, 0, 0],2095,[8.83355, 0, 0, 0]
Gradient Y,[0.184762, 0, 0, 0],1953,[-3.11517, 0, 0, 0]
Valor absoluto Gradient Y,[2.88476, 0, 0, 0],1711,[3.77992, 0, 0, 0]
Sobel,[4.07149, 0, 0, 0],2086,[4.95343, 0, 0, 0]
EyeROI,[71.7081, 0, 0, 0],2084,[102.773, 0, 0, 0]
Gradient Y,[-0.0528571, 0, 0, 0],2005,[-1.34704, 0, 0, 0]
Valor absoluto Gradient Y,[5.09143, 0, 0, 0],1872,[6.82447, 0, 0, 0]
Sobel,[8.06927, 0, 0, 0],2095,[11.7168, 0, 0, 0]
Gradient Y,[0.118333, 0, 0, 0],1933,[1.13488, 0, 0, 0]
Valor absoluto Gradient Y,[2.85619, 0, 0, 0],1693,[0.866649, 0, 0, 0]
Sobel,[4.11211, 0, 0, 0],2088,[2.46235, 0, 0, 0]
EyeROI,[72.6286, 0, 0, 0],2084,[102.892, 0, 0, 0]
Gradient Y,[-0.0861905, 0, 0, 0],2007,[0.560006, 0, 0, 0]
Valor absoluto Gradient Y,[5.05952, 0, 0, 0],1851,[6.02937, 0, 0, 0]
Sobel,[8.03719, 0, 0, 0],2094,[10.6122, 0, 0, 0]
Gradient Y,[0.192619, 0, 0, 0],1956,[-0.406031, 0, 0, 0]
Valor absoluto Gradient Y,[3.11381, 0, 0, 0],1751,[1.49094, 0, 0, 0]
Sobel,[4.24959, 0, 0, 0],2083,[2.09003, 0, 0, 0]
EyeROI,[70.421, 0, 0, 0],2084,[101.813, 0, 0, 0]
Gradient Y,[-0.0778571, 0, 0, 0],1960,[7.29482, 0, 0, 0]
Valor absoluto Gradient Y,[5.09714, 0, 0, 0],1800,[4.8611, 0, 0, 0]
Sobel,[8.0815, 0, 0, 0],2094,[8.05585, 0, 0, 0]
Gradient Y,[0.0235714, 0, 0, 0],1899,[0.0895598, 0, 0, 0]
Valor absoluto Gradient Y,[2.16095, 0, 0, 0],1616,[1.58942, 0, 0, 0]
Sobel,[3.37943, 0, 0, 0],2080,[3.47562, 0, 0, 0]
EyeROI,[73.0195, 0, 0, 0],2084,[98.9941, 0, 0, 0]
Gradient Y,[0.0945238, 0, 0, 0],1958,[2.92245, 0, 0, 0]
Valor absoluto Gradient Y,[3.59286, 0, 0, 0],1768,[1.54642, 0, 0, 0]
Sobel,[6.23348, 0, 0, 0],2098,[5.68694, 0, 0, 0]
Gradient Y,[-0.0245238, 0, 0, 0],1932,[2.71301, 0, 0, 0]
Valor absoluto Gradient Y,[2.93, 0, 0, 0],1706,[-0.364103, 0, 0, 0]
Sobel,[4.2334, 0, 0, 0],2081,[1.28095, 0, 0, 0]
EyeROI,[71.3676, 0, 0, 0],2084,[98.0845, 0, 0, 0]
Gradient Y,[-0.0333333, 0, 0, 0],1984,[1.10703, 0, 0, 0]
Valor absoluto Gradient Y,[4.93524, 0, 0, 0],1836,[4.44455, 0, 0, 0]
Sobel,[7.9986, 0, 0, 0],2096,[11.958, 0, 0, 0]
Gradient Y,[0.0961905, 0, 0, 0],1931,[-3.91175, 0, 0, 0]
Valor absoluto Gradient Y,[2.67524, 0, 0, 0],1676,[2.29422, 0, 0, 0]
Sobel,[3.90752, 0, 0, 0],2090,[3.27102, 0, 0, 0]
EyeROI,[71.3843, 0, 0, 0],2084,[103.898, 0, 0, 0]
Gradient Y,[-0.0221429, 0, 0, 0],1999,[4.60756, 0, 0, 0]
Valor absoluto Gradient Y,[4.72476, 0, 0, 0],1855,[1.35993, 0, 0, 0]
Sobel,[7.80323, 0, 0, 0],2098,[6.69918, 0, 0, 0]
Gradient Y,[0.128095, 0, 0, 0],1959,[0.193602, 0, 0, 0]
Valor absoluto Gradient Y,[2.90857, 0, 0, 0],1709,[2.22352, 0, 0, 0]
Sobel,[4.22779, 0, 0, 0],2086,[3.55502, 0, 0, 0]
EyeROI,[71.8262, 0, 0, 0],2084,[103.708, 0, 0, 0]
Gradient Y,[0.0197619, 0, 0, 0],1983,[4.55928, 0, 0, 0]
Valor absoluto Gradient Y,[5.0181, 0, 0, 0],1829,[1.8814, 0, 0, 0]
Sobel,[7.91698, 0, 0, 0],2092,[8.4206, 0, 0, 0]
Gradient Y,[-0.0197619, 0, 0, 0],1969,[-3.1968, 0, 0, 0]
Valor absoluto Gradient Y,[2.86762, 0, 0, 0],1740,[4.88005, 0, 0, 0]
Sobel,[4.06344, 0, 0, 0],2093,[5.89606, 0, 0, 0]
EyeROI,[70.8595, 0, 0, 0],2084,[101.295, 0, 0, 0]
Gradient Y,[-0.0695238, 0, 0, 0],2004,[3.16503, 0, 0, 0]
Valor absoluto Gradient Y,[4.91429, 0, 0, 0],1845,[3.67293, 0, 0, 0]
Sobel,[7.80834, 0, 0, 0],2090,[7.17077, 0, 0, 0]
Gradient Y,[0.0183333, 0, 0, 0],1953,[-3.25256, 0, 0, 0]
Valor absoluto Gradient Y,[2.84286, 0, 0, 0],1691,[4.58226, 0, 0, 0]
Sobel,[4.08982, 0, 0, 0],2081,[5.02308, 0, 0, 0]
EyeROI,[71.6124, 0, 0, 0],2084,[99.066, 0, 0, 0]
Gradient Y,[-0.00928571, 0, 0, 0],1986,[2.97918, 0, 0, 0]
Valor absoluto Gradient Y,[4.9419, 0, 0, 0],1808,[3.20942, 0, 0, 0]
Sobel,[7.94221, 0, 0, 0],2095,[9.65516, 0, 0, 0]
Gradient Y,[0.0345238, 0, 0, 0],1941,[-0.420356, 0, 0, 0]
Valor absoluto Gradient Y,[2.89667, 0, 0, 0],1703,[2.31501, 0, 0, 0]
Sobel,[4.12564, 0, 0, 0],2085,[2.49149, 0, 0, 0]
EyeROI,[71.1676, 0, 0, 0],2084,[100.445, 0, 0, 0]
Gradient Y,[0.042381, 0, 0, 0],1984,[3.77858, 0, 0, 0]
Valor absoluto Gradient Y,[4.93857, 0, 0, 0],1809,[2.96048, 0, 0, 0]
Sobel,[7.84282, 0, 0, 0],2094,[10.3917, 0, 0, 0]
Gradient Y,[0.0585714, 0, 0, 0],1940,[-0.480022, 0, 0, 0]
Valor absoluto Gradient Y,[2.89524, 0, 0, 0],1693,[2.34352, 0, 0, 0]
Sobel,[4.17709, 0, 0, 0],2090,[2.36358, 0, 0, 0]
EyeROI,[71.1552, 0, 0, 0],2084,[101.393, 0, 0, 0]
Gradient Y,[-0.025, 0, 0, 0],2002,[3.45947, 0, 0, 0]
Valor absoluto Gradient Y,[4.9919, 0, 0, 0],1830,[3.21058, 0, 0, 0]
Sobel,[7.95869, 0, 0, 0],2095,[9.88523, 0, 0, 0]
Gradient Y,[-0.0404762, 0, 0, 0],1931,[-0.881878, 0, 0, 0]
Valor absoluto Gradient Y,[2.92952, 0, 0, 0],1705,[2.07071, 0, 0, 0]
Sobel,[4.13207, 0, 0, 0],2078,[2.53237, 0, 0, 0]
EyeROI,[71.5476, 0, 0, 0],2084,[98.0115, 0, 0, 0]
Gradient Y,[0.0109524, 0, 0, 0],2002,[5.50422, 0, 0, 0]
Valor absoluto Gradient Y,[5.0281, 0, 0, 0],1866,[3.25907, 0, 0, 0]
Sobel,[8.35582, 0, 0, 0],2093,[12.4329, 0, 0, 0]
Gradient Y,[0.0160465, 0, 0, 0],2009,[0.849843, 0, 0, 0]
Valor absoluto Gradient Y,[2.85721, 0, 0, 0],1761,[1.31184, 0, 0, 0]
Sobel,[4.01566, 0, 0, 0],2135,[1.86813, 0, 0, 0]
EyeROI,[70.0112, 0, 0, 0],2134,[100.428, 0, 0, 0]
Gradient Y,[0.0339535, 0, 0, 0],2056,[4.72457, 0, 0, 0]
Valor absoluto Gradient Y,[4.97302, 0, 0, 0],1908,[3.3251, 0, 0, 0]
Sobel,[7.95959, 0, 0, 0],2148,[11.0429, 0, 0, 0]
Gradient Y,[-0.0318605, 0, 0, 0],1973,[0.0330788, 0, 0, 0]
Valor absoluto Gradient Y,[2.87349, 0, 0, 0],1741,[3.63199, 0, 0, 0]
Sobel,[4.10851, 0, 0, 0],2130,[4.94181, 0, 0, 0]
EyeROI,[71.1842, 0, 0, 0],2134,[100.492, 0, 0, 0]
Gradient Y,[0.025814, 0, 0, 0],2042,[4.97511, 0, 0, 0]
Valor absoluto Gradient Y,[4.88744, 0, 0, 0],1893,[-0.238472, 0, 0, 0]
Sobel,[7.94254, 0, 0, 0],2144,[3.84362, 0, 0, 0]
Gradient Y,[-0.00190476, 0, 0, 0],1948,[4.0332, 0, 0, 0]
Valor absoluto Gradient Y,[2.86143, 0, 0, 0],1706,[1.32565, 0, 0, 0]
Sobel,[4.12973, 0, 0, 0],2082,[2.62724, 0, 0, 0]
EyeROI,[71.7719, 0, 0, 0],2084,[97.7533, 0, 0, 0]
Gradient Y,[0.0590476, 0, 0, 0],1986,[7.05887, 0, 0, 0]
Valor absoluto Gradient Y,[5.01, 0, 0, 0],1828,[3.36689, 0, 0, 0]
Sobel,[8.23018, 0, 0, 0],2093,[11.5009, 0, 0, 0]
Gradient Y,[-0.0116667, 0, 0, 0],1943,[0.93866, 0, 0, 0]
Valor absoluto Gradient Y,[2.91524, 0, 0, 0],1682,[1.42582, 0, 0, 0]
Sobel,[4.19625, 0, 0, 0],2085,[1.78924, 0, 0, 0]
EyeROI,[72.289, 0, 0, 0],2084,[100.739, 0, 0, 0]
Gradient Y,[0.00547619, 0, 0, 0],1994,[4.44237, 0, 0, 0]
Valor absoluto Gradient Y,[5.01286, 0, 0, 0],1819,[0.659594, 0, 0, 0]
Sobel,[8.01059, 0, 0, 0],2097,[6.60645, 0, 0, 0]
Gradient Y,[-0.102143, 0, 0, 0],1969,[-1.2489, 0, 0, 0]
Valor absoluto Gradient Y,[2.92952, 0, 0, 0],1701,[2.8581, 0, 0, 0]
Sobel,[4.06895, 0, 0, 0],2092,[3.22306, 0, 0, 0]
EyeROI,[70.4781, 0, 0, 0],2084,[97.3749, 0, 0, 0]
Gradient Y,[-0.0254762, 0, 0, 0],2016,[4.23046, 0, 0, 0]
Valor absoluto Gradient Y,[5.04381, 0, 0, 0],1875,[1.83413, 0, 0, 0]
Sobel,[7.88696, 0, 0, 0],2088,[6.05182, 0, 0, 0]
Gradient Y,[-0.0719048, 0, 0, 0],1946,[3.75792, 0, 0, 0]
Valor absoluto Gradient Y,[2.98619, 0, 0, 0],1729,[2.8584, 0, 0, 0]
Sobel,[4.30901, 0, 0, 0],2092,[3.70261, 0, 0, 0]
EyeROI,[71.47, 0, 0, 0],2084,[93.4958, 0, 0, 0]
Gradient Y,[0.0311905, 0, 0, 0],1996,[3.96687, 0, 0, 0]
Valor absoluto Gradient Y,[4.98762, 0, 0, 0],1845,[1.82006, 0, 0, 0]
Sobel,[7.8345, 0, 0, 0],2096,[7.7375, 0, 0, 0]
Gradient Y,[-0.129286, 0, 0, 0],1962,[0.80437, 0, 0, 0]
Valor absoluto Gradient Y,[2.91762, 0, 0, 0],1710,[0.733085, 0, 0, 0]
Sobel,[4.1671, 0, 0, 0],2089,[1.73609, 0, 0, 0]
EyeROI,[71.299, 0, 0, 0],2085,[96.9252, 0, 0, 0]
Gradient Y,[0.000238095, 0, 0, 0],2011,[5.60812, 0, 0, 0]
Valor absoluto Gradient Y,[5.00857, 0, 0, 0],1839,[2.4827, 0, 0, 0]
Sobel,[8.13034, 0, 0, 0],2094,[7.47186, 0, 0, 0]
Gradient Y,[0.0147619, 0, 0, 0],1936,[3.81918, 0, 0, 0]
Valor absoluto Gradient Y,[3.00238, 0, 0, 0],1711,[2.4052, 0, 0, 0]
Sobel,[4.30269, 0, 0, 0],2081,[4.52402, 0, 0, 0]
EyeROI,[71.219, 0, 0, 0],2084,[101.247, 0, 0, 0]
Gradient Y,[0.0304762, 0, 0, 0],1994,[5.24664, 0, 0, 0]
Valor absoluto Gradient Y,[5.28333, 0, 0, 0],1852,[1.7552, 0, 0, 0]
Sobel,[8.22504, 0, 0, 0],2099,[4.97285, 0, 0, 0]
Gradient Y,[0.305952, 0, 0, 0],1983,[2.76202, 0, 0, 0]
Valor absoluto Gradient Y,[2.76524, 0, 0, 0],1741,[4.21487, 0, 0, 0]
Sobel,[4.21014, 0, 0, 0],2091,[4.84183, 0, 0, 0]
EyeROI,[69.8924, 0, 0, 0],2084,[97.6665, 0, 0, 0]
Gradient Y,[0.129762, 0, 0, 0],2006,[4.85139, 0, 0, 0]
Valor absoluto Gradient Y,[5.15476, 0, 0, 0],1840,[0.336676, 0, 0, 0]
Sobel,[8.40495, 0, 0, 0],2096,[7.21417, 0, 0, 0]
Gradient Y,[0.319286, 0, 0, 0],1921,[1.55282, 0, 0, 0]
Valor absoluto Gradient Y,[2.46333, 0, 0, 0],1662,[2.41843, 0, 0, 0]
Sobel,[3.86712, 0, 0, 0],2088,[3.0207, 0, 0, 0]
EyeROI,[68.9157, 0, 0, 0],2084,[96.0571, 0, 0, 0]
Gradient Y,[0.359286, 0, 0, 0],1992,[4.53402, 0, 0, 0]
Valor absoluto Gradient Y,[4.64524, 0, 0, 0],1824,[1.42534, 0, 0, 0]
Sobel,[7.6498, 0, 0, 0],2096,[6.19134, 0, 0, 0]
Gradient Y,[0.227857, 0, 0, 0],1897,[0.231742, 0, 0, 0]
Valor absoluto Gradient Y,[2.02429, 0, 0, 0],1602,[0.671082, 0, 0, 0]
Sobel,[3.18547, 0, 0, 0],2083,[2.54452, 0, 0, 0]
EyeROI,[66.7381, 0, 0, 0],2085,[96.0786, 0, 0, 0]
Gradient Y,[0.0759524, 0, 0, 0],1935,[3.83016, 0, 0, 0]
Valor absoluto Gradient Y,[2.29571, 0, 0, 0],1614,[0.506457, 0, 0, 0]
Sobel,[4.01669, 0, 0, 0],2085,[4.51176, 0, 0, 0]
Gradient Y,[-0.0235714, 0, 0, 0],1907,[1.68442, 0, 0, 0]
Valor absoluto Gradient Y,[1.83857, 0, 0, 0],1544,[0.784116, 0, 0, 0]
Sobel,[3.01318, 0, 0, 0],2092,[2.35048, 0, 0, 0]
EyeROI,[81.3214, 0, 0, 0],2084,[103.622, 0, 0, 0]
Gradient Y,[0.240476, 0, 0, 0],1893,[3.20913, 0, 0, 0]
Valor absoluto Gradient Y,[2.0319, 0, 0, 0],1554,[3.78669, 0, 0, 0]
Sobel,[4.44444, 0, 0, 0],2088,[6.62553, 0, 0, 0]
Gradient Y,[-0.0285714, 0, 0, 0],1878,[-0.101839, 0, 0, 0]
Valor absoluto Gradient Y,[1.73952, 0, 0, 0],1533,[1.02305, 0, 0, 0]
Sobel,[3.00739, 0, 0, 0],2081,[3.65711, 0, 0, 0]
EyeROI,[83.941, 0, 0, 0],2084,[109.411, 0, 0, 0]
Gradient Y,[-0.179048, 0, 0, 0],1921,[4.19031, 0, 0, 0]
Valor absoluto Gradient Y,[2.63429, 0, 0, 0],1628,[0.473399, 0, 0, 0]
Sobel,[4.02151, 0, 0, 0],2083,[2.61636, 0, 0, 0]
Gradient Y,[0.00785714, 0, 0, 0],1893,[-1.6482, 0, 0, 0]
Valor absoluto Gradient Y,[1.75333, 0, 0, 0],1496,[1.7716, 0, 0, 0]
Sobel,[2.62953, 0, 0, 0],2063,[2.7485, 0, 0, 0]
EyeROI,[85.2238, 0, 0, 0],2084,[110.266, 0, 0, 0]
Gradient Y,[-0.346429, 0, 0, 0],1943,[2.20159, 0, 0, 0]
Valor absoluto Gradient Y,[2.75286, 0, 0, 0],1685,[2.63199, 0, 0, 0]
Sobel,[3.8324, 0, 0, 0],2087,[3.89201, 0, 0, 0]
Gradient Y,[-0.0321429, 0, 0, 0],1921,[-3.3262, 0, 0, 0]
Valor absoluto Gradient Y,[2.26238, 0, 0, 0],1651,[3.97266, 0, 0, 0]
Sobel,[3.60514, 0, 0, 0],2081,[5.92474, 0, 0, 0]
EyeROI,[86.7162, 0, 0, 0],2084,[116.333, 0, 0, 0]
Gradient Y,[-0.264048, 0, 0, 0],1955,[3.68686, 0, 0, 0]
Valor absoluto Gradient Y,[3.15143, 0, 0, 0],1699,[3.31424, 0, 0, 0]
Sobel,[4.70591, 0, 0, 0],2094,[3.96031, 0, 0, 0]
Gradient Y,[0.464286, 0, 0, 0],1921,[-2.25964, 0, 0, 0]
Valor absoluto Gradient Y,[2.32762, 0, 0, 0],1656,[-0.814406, 0, 0, 0]
Sobel,[3.95231, 0, 0, 0],2079,[1.4926, 0, 0, 0]
EyeROI,[82.4633, 0, 0, 0],2084,[106.456, 0, 0, 0]
Gradient Y,[0.995, 0, 0, 0],2006,[2.06583, 0, 0, 0]
Valor absoluto Gradient Y,[3.80667, 0, 0, 0],1849,[2.34786, 0, 0, 0]
Sobel,[5.92615, 0, 0, 0],2095,[4.48028, 0, 0, 0]
Gradient Y,[0.250714, 0, 0, 0],1964,[1.69476, 0, 0, 0]
Valor absoluto Gradient Y,[2.91286, 0, 0, 0],1699,[3.1412, 0, 0, 0]
Sobel,[4.8041, 0, 0, 0],2092,[4.02818, 0, 0, 0]
EyeROI,[84.2186, 0, 0, 0],2084,[106.449, 0, 0, 0]
Gradient Y,[1.31738, 0, 0, 0],2014,[-1.19005, 0, 0, 0]
Valor absoluto Gradient Y,[4.62619, 0, 0, 0],1848,[2.71964, 0, 0, 0]
Sobel,[6.92131, 0, 0, 0],2096,[6.86265, 0, 0, 0]
Gradient Y,[-0.0351163, 0, 0, 0],1993,[-1.94143, 0, 0, 0]
Valor absoluto Gradient Y,[2.32279, 0, 0, 0],1657,[1.43601, 0, 0, 0]
Sobel,[4.01043, 0, 0, 0],2144,[3.07779, 0, 0, 0]
EyeROI,[86.2986, 0, 0, 0],2134,[112.354, 0, 0, 0]
Gradient Y,[-0.265116, 0, 0, 0],1978,[4.30963, 0, 0, 0]
Valor absoluto Gradient Y,[3.26558, 0, 0, 0],1689,[2.00604, 0, 0, 0]
Sobel,[5.27999, 0, 0, 0],2138,[4.31036, 0, 0, 0]
Gradient Y,[0.392857, 0, 0, 0],1972,[-1.97637, 0, 0, 0]
Valor absoluto Gradient Y,[3.00714, 0, 0, 0],1727,[0.446366, 0, 0, 0]
Sobel,[4.87172, 0, 0, 0],2093,[2.97469, 0, 0, 0]
EyeROI,[84.9652, 0, 0, 0],2084,[112.627, 0, 0, 0]
Gradient Y,[0.754048, 0, 0, 0],1999,[4.70542, 0, 0, 0]
Valor absoluto Gradient Y,[4.70476, 0, 0, 0],1821,[5.13259, 0, 0, 0]
Sobel,[6.95957, 0, 0, 0],2095,[5.39367, 0, 0, 0]
Gradient Y,[0.0185714, 0, 0, 0],1949,[-1.38194, 0, 0, 0]
Valor absoluto Gradient Y,[2.41333, 0, 0, 0],1685,[1.14961, 0, 0, 0]
Sobel,[4.22033, 0, 0, 0],2088,[3.40162, 0, 0, 0]
EyeROI,[88.0714, 0, 0, 0],2084,[115.99, 0, 0, 0]
Gradient Y,[-0.198095, 0, 0, 0],1959,[4.02781, 0, 0, 0]
Valor absoluto Gradient Y,[3.22476, 0, 0, 0],1695,[0.529235, 0, 0, 0]
Sobel,[5.09337, 0, 0, 0],2093,[1.40429, 0, 0, 0]
Gradient Y,[0.279048, 0, 0, 0],1923,[1.69489, 0, 0, 0]
Valor absoluto Gradient Y,[2.2719, 0, 0, 0],1646,[3.56772, 0, 0, 0]
Sobel,[3.69554, 0, 0, 0],2082,[4.04732, 0, 0, 0]
EyeROI,[79.6743, 0, 0, 0],2084,[105.733, 0, 0, 0]
Gradient Y,[0.132857, 0, 0, 0],1941,[7.51672, 0, 0, 0]
Valor absoluto Gradient Y,[3.33762, 0, 0, 0],1698,[2.95237, 0, 0, 0]
Sobel,[5.41809, 0, 0, 0],2089,[7.10129, 0, 0, 0]
Gradient Y,[0.429048, 0, 0, 0],1961,[2.33059, 0, 0, 0]
Valor absoluto Gradient Y,[2.78381, 0, 0, 0],1706,[4.8149, 0, 0, 0]
Sobel,[4.30313, 0, 0, 0],2086,[5.80933, 0, 0, 0]
EyeROI,[80.559, 0, 0, 0],2084,[110.782, 0, 0, 0]
Gradient Y,[0.367143, 0, 0, 0],1996,[8.98645, 0, 0, 0]
Valor absoluto Gradient Y,[4.41524, 0, 0, 0],1822,[5.36296, 0, 0, 0]
Sobel,[6.84751, 0, 0, 0],2098,[7.89495, 0, 0, 0]
Gradient Y,[0.0207143, 0, 0, 0],1962,[0.555104, 0, 0, 0]
Valor absoluto Gradient Y,[2.95, 0, 0, 0],1703,[1.60105, 0, 0, 0]
Sobel,[4.42116, 0, 0, 0],2095,[1.70986, 0, 0, 0]
EyeROI,[79.1976, 0, 0, 0],2089,[107.069, 0, 0, 0]
Gradient Y,[-0.0578571, 0, 0, 0],1978,[7.2371, 0, 0, 0]
Valor absoluto Gradient Y,[4.59143, 0, 0, 0],1782,[4.13656, 0, 0, 0]
Sobel,[7.24883, 0, 0, 0],2098,[6.80808, 0, 0, 0]
Gradient Y,[0.0902381, 0, 0, 0],1974,[2.0836, 0, 0, 0]
Valor absoluto Gradient Y,[3.22905, 0, 0, 0],1758,[1.43815, 0, 0, 0]
Sobel,[4.81595, 0, 0, 0],2092,[3.74792, 0, 0, 0]
EyeROI,[80.5971, 0, 0, 0],2084,[112.357, 0, 0, 0]
Gradient Y,[-0.0930952, 0, 0, 0],2002,[5.74389, 0, 0, 0]
Valor absoluto Gradient Y,[4.75286, 0, 0, 0],1841,[5.3267, 0, 0, 0]
Sobel,[7.37782, 0, 0, 0],2097,[7.96528, 0, 0, 0]
Gradient Y,[0.215952, 0, 0, 0],1968,[-4.59052, 0, 0, 0]
Valor absoluto Gradient Y,[3.0419, 0, 0, 0],1730,[2.52695, 0, 0, 0]
Sobel,[4.51567, 0, 0, 0],2090,[1.78395, 0, 0, 0]
EyeROI,[80.3419, 0, 0, 0],2084,[116.095, 0, 0, 0]
Gradient Y,[-0.0821429, 0, 0, 0],1986,[7.2231, 0, 0, 0]
Valor absoluto Gradient Y,[4.54286, 0, 0, 0],1781,[3.50453, 0, 0, 0]
Sobel,[7.01585, 0, 0, 0],2091,[5.98821, 0, 0, 0]
Gradient Y,[0.470233, 0, 0, 0],2007,[-1.30367, 0, 0, 0]
Valor absoluto Gradient Y,[2.83581, 0, 0, 0],1743,[1.28787, 0, 0, 0]
Sobel,[4.65017, 0, 0, 0],2144,[2.8312, 0, 0, 0]
EyeROI,[78.4921, 0, 0, 0],2134,[110.182, 0, 0, 0]
Gradient Y,[0.144651, 0, 0, 0],2029,[7.60814, 0, 0, 0]
Valor absoluto Gradient Y,[4.82093, 0, 0, 0],1872,[1.45324, 0, 0, 0]
Sobel,[7.52811, 0, 0, 0],2146,[4.1593, 0, 0, 0]
Gradient Y,[0.526905, 0, 0, 0],1953,[-1.9336, 0, 0, 0]
Valor absoluto Gradient Y,[3.05333, 0, 0, 0],1728,[2.33542, 0, 0, 0]
Sobel,[4.85626, 0, 0, 0],2090,[4.03508, 0, 0, 0]
EyeROI,[80.3286, 0, 0, 0],2084,[115.778, 0, 0, 0]
Gradient Y,[0.149762, 0, 0, 0],1970,[1.22857, 0, 0, 0]
Valor absoluto Gradient Y,[5.07952, 0, 0, 0],1807,[5.44856, 0, 0, 0]
Sobel,[8.21606, 0, 0, 0],2095,[13.113, 0, 0, 0]
Gradient Y,[0.416905, 0, 0, 0],1927,[-1.34025, 0, 0, 0]
Valor absoluto Gradient Y,[3.01571, 0, 0, 0],1706,[2.60222, 0, 0, 0]
Sobel,[4.79583, 0, 0, 0],2092,[3.00748, 0, 0, 0]
EyeROI,[79.881, 0, 0, 0],2084,[112.9, 0, 0, 0]
Gradient Y,[0.10381, 0, 0, 0],2000,[6.28929, 0, 0, 0]
Valor absoluto Gradient Y,[5.12381, 0, 0, 0],1829,[1.36024, 0, 0, 0]
Sobel,[8.01789, 0, 0, 0],2094,[7.58056, 0, 0, 0]
Gradient Y,[0.447857, 0, 0, 0],1966,[0.870112, 0, 0, 0]
Valor absoluto Gradient Y,[3.13381, 0, 0, 0],1728,[4.00425, 0, 0, 0]
Sobel,[5.04061, 0, 0, 0],2094,[6.954, 0, 0, 0]
EyeROI,[80.5048, 0, 0, 0],2084,[115.491, 0, 0, 0]
Gradient Y,[0.0552381, 0, 0, 0],2000,[4.73225, 0, 0, 0]
Valor absoluto Gradient Y,[5.19571, 0, 0, 0],1829,[2.77041, 0, 0, 0]
Sobel,[8.33626, 0, 0, 0],2096,[10.2377, 0, 0, 0]
Gradient Y,[0.382381, 0, 0, 0],1958,[-0.418122, 0, 0, 0]
Valor absoluto Gradient Y,[3.11857, 0, 0, 0],1773,[1.9516, 0, 0, 0]
Sobel,[4.91715, 0, 0, 0],2088,[4.74633, 0, 0, 0]
EyeROI,[79.8562, 0, 0, 0],2084,[112.102, 0, 0, 0]
Gradient Y,[0.0402381, 0, 0, 0],1985,[0.016702, 0, 0, 0]
Valor absoluto Gradient Y,[5.13714, 0, 0, 0],1825,[6.00593, 0, 0, 0]
Sobel,[8.22521, 0, 0, 0],2098,[13.685, 0, 0, 0]
Gradient Y,[0.50619, 0, 0, 0],1948,[-9.72986, 0, 0, 0]
Valor absoluto Gradient Y,[3.10286, 0, 0, 0],1728,[3.37798, 0, 0, 0]
Sobel,[4.67662, 0, 0, 0],2090,[4.36086, 0, 0, 0]
EyeROI,[80.3343, 0, 0, 0],2085,[117.761, 0, 0, 0]
Gradient Y,[0.223095, 0, 0, 0],1990,[1.70301, 0, 0, 0]
Valor absoluto Gradient Y,[4.97857, 0, 0, 0],1842,[5.28213, 0, 0, 0]
Sobel,[7.56164, 0, 0, 0],2092,[9.28807, 0, 0, 0]
Gradient Y,[0.356279, 0, 0, 0],2020,[-3.17632, 0, 0, 0]
Valor absoluto Gradient Y,[3.03116, 0, 0, 0],1758,[1.6794, 0, 0, 0]
Sobel,[4.51183, 0, 0, 0],2141,[2.81401, 0, 0, 0]
EyeROI,[81.0726, 0, 0, 0],2139,[114.219, 0, 0, 0]
Gradient Y,[0.13186, 0, 0, 0],2039,[8.00037, 0, 0, 0]
Valor absoluto Gradient Y,[4.86093, 0, 0, 0],1883,[0.806153, 0, 0, 0]
Sobel,[7.31544, 0, 0, 0],2144,[4.31754, 0, 0, 0]
Gradient Y,[0.452857, 0, 0, 0],1944,[-3.41031, 0, 0, 0]
Valor absoluto Gradient Y,[3.02476, 0, 0, 0],1721,[-0.828489, 0, 0, 0]
Sobel,[4.55429, 0, 0, 0],2087,[-0.231373, 0, 0, 0]
EyeROI,[80.8248, 0, 0, 0],2084,[113.348, 0, 0, 0]
Gradient Y,[0.205476, 0, 0, 0],1981,[8.9059, 0, 0, 0]
Valor absoluto Gradient Y,[4.7319, 0, 0, 0],1800,[3.3623, 0, 0, 0]
Sobel,[7.16839, 0, 0, 0],2086,[9.53319, 0, 0, 0]
Gradient Y,[0.47881, 0, 0, 0],1960,[2.76002, 0, 0, 0]
Valor absoluto Gradient Y,[3.12, 0, 0, 0],1740,[2.65313, 0, 0, 0]
Sobel,[4.62487, 0, 0, 0],2092,[3.7106, 0, 0, 0]
EyeROI,[80.8629, 0, 0, 0],2089,[113.604, 0, 0, 0]
Gradient Y,[0.214048, 0, 0, 0],2008,[5.83406, 0, 0, 0]
Valor absoluto Gradient Y,[4.74667, 0, 0, 0],1847,[2.47892, 0, 0, 0]
Sobel,[7.2304, 0, 0, 0],2094,[6.15659, 0, 0, 0]
Gradient Y,[0.374651, 0, 0, 0],1997,[-0.615953, 0, 0, 0]
Valor absoluto Gradient Y,[3.03907, 0, 0, 0],1722,[2.0991, 0, 0, 0]
Sobel,[4.61802, 0, 0, 0],2142,[2.76929, 0, 0, 0]
EyeROI,[80.2828, 0, 0, 0],2134,[112.123, 0, 0, 0]
Gradient Y,[0.195116, 0, 0, 0],2022,[8.67121, 0, 0, 0]
Valor absoluto Gradient Y,[4.81302, 0, 0, 0],1880,[2.00039, 0, 0, 0]
Sobel,[7.27323, 0, 0, 0],2143,[6.38918, 0, 0, 0]
Gradient Y,[0.454048, 0, 0, 0],1964,[-1.03292, 0, 0, 0]
Valor absoluto Gradient Y,[3.10524, 0, 0, 0],1725,[4.10221, 0, 0, 0]
Sobel,[4.71462, 0, 0, 0],2088,[5.5383, 0, 0, 0]
EyeROI,[81.4281, 0, 0, 0],2085,[115.801, 0, 0, 0]
Gradient Y,[0.17, 0, 0, 0],1994,[8.35862, 0, 0, 0]
Valor absoluto Gradient Y,[4.74286, 0, 0, 0],1831,[4.75035, 0, 0, 0]
Sobel,[7.03519, 0, 0, 0],2091,[9.37126, 0, 0, 0]
Gradient Y,[0.409286, 0, 0, 0],1929,[0.0643687, 0, 0, 0]
Valor absoluto Gradient Y,[2.98286, 0, 0, 0],1703,[3.61229, 0, 0, 0]
Sobel,[4.51201, 0, 0, 0],2089,[6.0692, 0, 0, 0]
EyeROI,[81.0838, 0, 0, 0],2084,[110.483, 0, 0, 0]
Gradient Y,[0.145952, 0, 0, 0],2015,[9.00078, 0, 0, 0]
Valor absoluto Gradient Y,[4.77524, 0, 0, 0],1858,[3.11856, 0, 0, 0]
Sobel,[7.12711, 0, 0, 0],2098,[8.62433, 0, 0, 0]
Gradient Y,[0.264884, 0, 0, 0],2000,[0.0126156, 0, 0, 0]
Valor absoluto Gradient Y,[3.05721, 0, 0, 0],1768,[3.0221, 0, 0, 0]
Sobel,[4.61649, 0, 0, 0],2142,[3.34875, 0, 0, 0]
EyeROI,[80.446, 0, 0, 0],2135,[115.168, 0, 0, 0]
Gradient Y,[0.0593023, 0, 0, 0],2049,[8.36233, 0, 0, 0]
Valor absoluto Gradient Y,[4.81721, 0, 0, 0],1885,[3.49903, 0, 0, 0]
Sobel,[7.22783, 0, 0, 0],2143,[7.52653, 0, 0, 0]
Gradient Y,[0.249762, 0, 0, 0],1981,[-0.730259, 0, 0, 0]
Valor absoluto Gradient Y,[3.11, 0, 0, 0],1738,[2.28221, 0, 0, 0]
Sobel,[4.80314, 0, 0, 0],2093,[4.20279, 0, 0, 0]
EyeROI,[80.4248, 0, 0, 0],2084,[113.305, 0, 0, 0]
Gradient Y,[0.0152381, 0, 0, 0],2006,[5.2616, 0, 0, 0]
Valor absoluto Gradient Y,[5.10429, 0, 0, 0],1840,[1.51524, 0, 0, 0]
Sobel,[7.82625, 0, 0, 0],2093,[5.27897, 0, 0, 0]
